-- --------------------------------------------------------
-- Host:                         localhost
-- Versión del servidor:         5.6.34-log - MySQL Community Server (GPL)
-- SO del servidor:              Win64
-- HeidiSQL Versión:             9.4.0.5125
-- --------------------------------------------------------

/*!40101 SET @OLD_CHARACTER_SET_CLIENT=@@CHARACTER_SET_CLIENT */;
/*!40101 SET NAMES utf8 */;
/*!50503 SET NAMES utf8mb4 */;
/*!40014 SET @OLD_FOREIGN_KEY_CHECKS=@@FOREIGN_KEY_CHECKS, FOREIGN_KEY_CHECKS=0 */;
/*!40101 SET @OLD_SQL_MODE=@@SQL_MODE, SQL_MODE='NO_AUTO_VALUE_ON_ZERO' */;


-- Volcando estructura de base de datos para geollin_concurso_db
DROP DATABASE IF EXISTS `geollin_concurso_db`;
CREATE DATABASE IF NOT EXISTS `geollin_concurso_db` /*!40100 DEFAULT CHARACTER SET utf8 */;
USE `geollin_concurso_db`;

-- Volcando estructura para tabla geollin_concurso_db.categorias
DROP TABLE IF EXISTS `categorias`;
CREATE TABLE IF NOT EXISTS `categorias` (
  `ID_CATEGORIA` int(11) NOT NULL AUTO_INCREMENT,
  `CATEGORIA` varchar(128) DEFAULT '',
  PRIMARY KEY (`ID_CATEGORIA`)
) ENGINE=InnoDB AUTO_INCREMENT=6 DEFAULT CHARSET=utf8;

-- Volcando datos para la tabla geollin_concurso_db.categorias: ~5 rows (aproximadamente)
/*!40000 ALTER TABLE `categorias` DISABLE KEYS */;
INSERT INTO `categorias` (`ID_CATEGORIA`, `CATEGORIA`) VALUES
	(1, 'GEOFÍSICA'),
	(2, 'GEOLOGÍA'),
	(3, 'PETROLEROS'),
	(4, 'GENERALES'),
	(5, 'DESEMPATE');
/*!40000 ALTER TABLE `categorias` ENABLE KEYS */;

-- Volcando estructura para tabla geollin_concurso_db.categorias_etapa
DROP TABLE IF EXISTS `categorias_etapa`;
CREATE TABLE IF NOT EXISTS `categorias_etapa` (
  `ID_CAT_ETAPA` int(11) NOT NULL AUTO_INCREMENT,
  `ID_ETAPA` int(11) DEFAULT NULL,
  `ID_CATEGORIA` int(11) DEFAULT NULL,
  PRIMARY KEY (`ID_CAT_ETAPA`),
  KEY `fk_catEtapa` (`ID_CATEGORIA`),
  KEY `fk_etapaCat` (`ID_ETAPA`),
  CONSTRAINT `fk_catEtapa` FOREIGN KEY (`ID_CATEGORIA`) REFERENCES `categorias` (`ID_CATEGORIA`),
  CONSTRAINT `fk_etapaCat` FOREIGN KEY (`ID_ETAPA`) REFERENCES `etapas_tipo_concurso` (`ID_ETAPA`)
) ENGINE=InnoDB AUTO_INCREMENT=5 DEFAULT CHARSET=utf8;

-- Volcando datos para la tabla geollin_concurso_db.categorias_etapa: ~4 rows (aproximadamente)
/*!40000 ALTER TABLE `categorias_etapa` DISABLE KEYS */;
INSERT INTO `categorias_etapa` (`ID_CAT_ETAPA`, `ID_ETAPA`, `ID_CATEGORIA`) VALUES
	(1, 1, 1),
	(2, 1, 2),
	(3, 1, 3),
	(4, 2, 4);
/*!40000 ALTER TABLE `categorias_etapa` ENABLE KEYS */;

-- Volcando estructura para tabla geollin_concurso_db.concursantes
DROP TABLE IF EXISTS `concursantes`;
CREATE TABLE IF NOT EXISTS `concursantes` (
  `ID_CONCURSANTE` int(11) NOT NULL AUTO_INCREMENT,
  `CONCURSANTE` varchar(512) DEFAULT '',
  `PASSWORD` varchar(128) DEFAULT '',
  `ID_CONCURSO` int(11) NOT NULL,
  `CONCURSANTE_POSICION` int(11) DEFAULT '0',
  PRIMARY KEY (`ID_CONCURSANTE`),
  KEY `FK_concursoConcursante` (`ID_CONCURSO`),
  CONSTRAINT `FK_concursoConcursante` FOREIGN KEY (`ID_CONCURSO`) REFERENCES `concursos` (`ID_CONCURSO`)
) ENGINE=InnoDB AUTO_INCREMENT=271 DEFAULT CHARSET=utf8;

-- Volcando datos para la tabla geollin_concurso_db.concursantes: ~10 rows (aproximadamente)
/*!40000 ALTER TABLE `concursantes` DISABLE KEYS */;
INSERT INTO `concursantes` (`ID_CONCURSANTE`, `CONCURSANTE`, `PASSWORD`, `ID_CONCURSO`, `CONCURSANTE_POSICION`) VALUES
	(261, 'andrew', 'andrew', 123, 1),
	(262, 'alan', 'alan', 123, 2),
	(263, 'amarillo', 'a', 124, 1),
	(264, 'verde', 'v', 124, 2),
	(265, 'a', 'a', 125, 1),
	(266, 'b', 'b', 125, 2),
	(267, 'ipad', 'ipad', 126, 1),
	(268, 'cel', 'cel', 126, 2),
	(269, 'lap', 'lap', 127, 1),
	(270, 'app', 'app', 127, 2),
	(271, 'laptop', 'lap', 128, 1),
	(272, 'ipad', 'ipad', 128, 2),
	(273, 'a', 'a', 129, 1),
	(274, 'b', 'b', 129, 2),
	(275, 'lap', 'lap', 130, 1),
	(276, 'cel', 'cel', 130, 2),
	(277, 'a', 'a', 131, 1),
	(278, 'b', 'b', 131, 2);
/*!40000 ALTER TABLE `concursantes` ENABLE KEYS */;

-- Volcando estructura para tabla geollin_concurso_db.concursos
DROP TABLE IF EXISTS `concursos`;
CREATE TABLE IF NOT EXISTS `concursos` (
  `ID_CONCURSO` int(11) NOT NULL AUTO_INCREMENT,
  `CONCURSO` varchar(1024) DEFAULT '',
  `ID_ETAPA` int(11) NOT NULL,
  `FECHA_INICIO` datetime DEFAULT NULL,
  `FECHA_CIERRE` datetime DEFAULT NULL,
  `ID_RONDA` int(11) DEFAULT NULL,
  `ID_CATEGORIA` int(11) DEFAULT NULL,
  `NIVEL_EMPATE` int(11) DEFAULT '0',
  PRIMARY KEY (`ID_CONCURSO`),
  KEY `FK_etapaConcurso` (`ID_ETAPA`),
  KEY `ID_RONDA` (`ID_RONDA`),
  KEY `fkConcursoCategoria` (`ID_CATEGORIA`),
  CONSTRAINT `FK_etapaConcurso` FOREIGN KEY (`ID_ETAPA`) REFERENCES `etapas_tipo_concurso` (`ID_ETAPA`),
  CONSTRAINT `concursos_ibfk_1` FOREIGN KEY (`ID_RONDA`) REFERENCES `rondas` (`ID_RONDA`),
  CONSTRAINT `fkConcursoCategoria` FOREIGN KEY (`ID_CATEGORIA`) REFERENCES `categorias` (`ID_CATEGORIA`)
) ENGINE=InnoDB AUTO_INCREMENT=128 DEFAULT CHARSET=utf8;

-- Volcando datos para la tabla geollin_concurso_db.concursos: ~5 rows (aproximadamente)
/*!40000 ALTER TABLE `concursos` DISABLE KEYS */;
INSERT INTO `concursos` (`ID_CONCURSO`, `CONCURSO`, `ID_ETAPA`, `FECHA_INICIO`, `FECHA_CIERRE`, `ID_RONDA`, `ID_CATEGORIA`, `NIVEL_EMPATE`) VALUES
	(123, 'CGRUPAL1', 2, '2018-07-24 23:25:44', NULL, 5, 4, 0),
	(124, 'Pruebas', 2, '2018-07-25 00:06:33', NULL, 5, 4, 0),
	(125, 'PRUEBA F 5', 2, '2018-07-25 00:48:55', NULL, 5, 4, 0),
	(126, 'Prueba grupal F10', 2, '2018-07-25 17:21:54', '2018-07-25 17:31:13', 5, 4, 0),
	(127, 'GRUPAL F100', 2, '2018-07-25 17:35:01', '2018-07-25 18:03:10', 6, 4, 1),
	(128, 'Prueba Grupal 5000', 2, '2018-07-25 22:11:40', '2018-07-25 22:37:49', 5, 4, 0),
	(129, 'Prueba paso error', 2, '2018-07-25 23:25:57', NULL, 4, 4, 0),
	(130, 'Prueba paso error 1', 2, '2018-07-25 23:29:53', NULL, 5, 4, 0),
	(131, 'PREUBA EROR 3', 2, '2018-07-25 23:51:37', '2018-07-25 23:55:30', 5, 4, 0);
/*!40000 ALTER TABLE `concursos` ENABLE KEYS */;

-- Volcando estructura para tabla geollin_concurso_db.etapas_tipo_concurso
DROP TABLE IF EXISTS `etapas_tipo_concurso`;
CREATE TABLE IF NOT EXISTS `etapas_tipo_concurso` (
  `ID_ETAPA` int(11) NOT NULL AUTO_INCREMENT,
  `ETAPA` varchar(128) DEFAULT '',
  PRIMARY KEY (`ID_ETAPA`)
) ENGINE=InnoDB AUTO_INCREMENT=3 DEFAULT CHARSET=utf8;

-- Volcando datos para la tabla geollin_concurso_db.etapas_tipo_concurso: ~2 rows (aproximadamente)
/*!40000 ALTER TABLE `etapas_tipo_concurso` DISABLE KEYS */;
INSERT INTO `etapas_tipo_concurso` (`ID_ETAPA`, `ETAPA`) VALUES
	(1, 'INDIVIDUAL'),
	(2, 'GRUPAL');
/*!40000 ALTER TABLE `etapas_tipo_concurso` ENABLE KEYS */;

-- Volcando estructura para tabla geollin_concurso_db.grados_dificultad
DROP TABLE IF EXISTS `grados_dificultad`;
CREATE TABLE IF NOT EXISTS `grados_dificultad` (
  `ID_GRADO` int(11) NOT NULL AUTO_INCREMENT,
  `DIFICULTAD` varchar(128) DEFAULT '',
  `PUNTAJE` int(11) DEFAULT '1',
  PRIMARY KEY (`ID_GRADO`)
) ENGINE=InnoDB AUTO_INCREMENT=4 DEFAULT CHARSET=utf8;

-- Volcando datos para la tabla geollin_concurso_db.grados_dificultad: ~3 rows (aproximadamente)
/*!40000 ALTER TABLE `grados_dificultad` DISABLE KEYS */;
INSERT INTO `grados_dificultad` (`ID_GRADO`, `DIFICULTAD`, `PUNTAJE`) VALUES
	(1, 'BAJA', 1),
	(2, 'MEDIA', 2),
	(3, 'ALTA', 3);
/*!40000 ALTER TABLE `grados_dificultad` ENABLE KEYS */;

-- Volcando estructura para tabla geollin_concurso_db.preguntas
DROP TABLE IF EXISTS `preguntas`;
CREATE TABLE IF NOT EXISTS `preguntas` (
  `ID_PREGUNTA` int(11) NOT NULL AUTO_INCREMENT,
  `PREGUNTA` varchar(2048) DEFAULT '',
  `ID_GRADO` int(11) NOT NULL,
  `ID_CATEGORIA` int(11) NOT NULL,
  PRIMARY KEY (`ID_PREGUNTA`),
  KEY `FK_gradodificultadPregunta` (`ID_GRADO`),
  KEY `FK_categoriaPregunta` (`ID_CATEGORIA`),
  CONSTRAINT `FK_categoriaPregunta` FOREIGN KEY (`ID_CATEGORIA`) REFERENCES `categorias` (`ID_CATEGORIA`),
  CONSTRAINT `FK_gradodificultadPregunta` FOREIGN KEY (`ID_GRADO`) REFERENCES `grados_dificultad` (`ID_GRADO`)
) ENGINE=InnoDB AUTO_INCREMENT=251 DEFAULT CHARSET=utf8;

-- Volcando datos para la tabla geollin_concurso_db.preguntas: ~250 rows (aproximadamente)
/*!40000 ALTER TABLE `preguntas` DISABLE KEYS */;
INSERT INTO `preguntas` (`ID_PREGUNTA`, `PREGUNTA`, `ID_GRADO`, `ID_CATEGORIA`) VALUES
	(1, 'En la programación de la sísmica tridimensional, ¿cuál es el parámetro más importante?', 2, 1),
	(2, '¿Cuántas mediciones debe hacer el gravímetro por lectura o estación en la exploración petrolera?', 3, 1),
	(3, '¿Qué fenómeno afecta en mayor grado la calidad de las lecturas en los levantamientos magnéticos?', 2, 1),
	(4, '¿Qué fenómeno afecta en mayor grado la calidad de las lecturas en los levantamientos gravimétricos?', 2, 1),
	(5, '¿Cómo se le llama al tren de ondas generadas por la fuente de energía Vibros y que se propaga al interior del subsuelo?', 1, 1),
	(6, 'El sismograma grabado es correlacionado con la señal de referencia que maneja electrónicamente el vibrador para producir un punto de tiro, a la forma de onda simétrica se le conoce cómo:', 3, 1),
	(7, '¿Cuál es la prueba de campo que se utiliza para determinar los parámetros óptimos de la adquisición 2D?', 1, 1),
	(8, '¿Qué unidades se utilizan en la prospección magnetométrica?', 1, 1),
	(9, '¿Cuál es el rango de frecuencias que se utilizan en el método electromagnético?', 2, 1),
	(10, '¿Qué propiedades de las rocas influyen más en el modelado de datos magnéticos?', 1, 1),
	(11, '¿Cuál es la superficie equipotencial de la Tierra que coincide con el nivel medio de la superficie libre de los océanos, corrigiendo por el efecto de las mareas?', 2, 1),
	(12, 'Horizonte de tiempo en sísmica 3D que representa una reflexión particular:', 2, 1),
	(13, 'Módulo elástico que mide la relación del esfuerzo-deformación en condiciones de elongación o compresión:', 1, 1),
	(14, 'Tipo de onda cuya transmisión del movimiento es por desplazamiento de partículas en la dirección de propagación de la onda y experimenta cambios volumétricos, el mejor ejemplo es el sonido:', 1, 1),
	(15, 'Tipo de velocidad usada para corregir dinámicamente los datos sísmicos dentro del procesado:', 2, 1),
	(16, 'Temperatura por encima de la cual un material pierde su magnetización:', 1, 1),
	(17, '¿Dónde se forma el campo magnético terrestre?', 1, 1),
	(18, 'Las anomalías gravimétricas permiten revelar la topografía del interior de la tierra, con ¿cuál de ellas se puede comprobar la existencia de la compensación isostática en las zonas montañosas?', 3, 1),
	(19, 'Un material con susceptibilidad magnética débil y positiva se conoce como Paramagnético.', 1, 1),
	(20, 'Los arreglos de Geófonos pueden diseñarse para reducir el ruido a expensas del ancho de banda.', 1, 1),
	(21, 'En prospección magnetométrica, ¿a cuántos Gauss equivale una Tesla?', 2, 1),
	(22, 'La pérdida de energía sísmica en calorífica debido a la fricción de las partículas durante la propagación de las ondas, se conoce como Dispersión elástica.', 2, 1),
	(23, 'El método de exploración geofísica "GPR" opera en el dominio de las bajas frecuencias.', 1, 1),
	(24, '¿Qué fuente de energía sísmica tiene un sistema de mando electrónico que genera una señal senoidal de baja amplitud con un rango de frecuencias controlado, con duración de varios segundos?', 2, 1),
	(25, 'A la propiedad elástica que define la característica litológica de un determinado medio y es el producto de la densidad por la velocidad se le conoce como:', 1, 1),
	(26, 'Cuando la transmisión de la energía elástica es a través del movimiento en dirección transversal a la superficie y perpendicular a la dirección de propagación, el tipo de onda es:', 1, 1),
	(27, '¿Qué principio dice que todo punto de una onda puede considerarse como centro de excitación de nuevas ondas y que la superficie envolvente común a esas ondas elementales representa la onda real o Oprincipal?', 1, 1),
	(28, '¿Qué tipo de ruido sísmico coherente es generado por la fuente de energía y que es de propagación vertical?', 2, 1),
	(29, 'Para calcular las velocidades de intervalo del subsuelo haciendo uso de las velocidades RMS, se utiliza la:', 2, 1),
	(30, 'En el procesado sísmico, ¿cuál es el tipo de deconvolución mediante la cual se desea obtener un pulso único de fase cero, como salida?', 3, 1),
	(31, '¿Cuál es el proceso sísmico que permite atenuar los eventos múltiples?', 3, 1),
	(32, 'Es un tipo de atributo sísmico instantáneo:', 2, 1),
	(33, '¿Qué fuente de energía sísmica utilizaría preferentemente en áreas marinas?', 1, 1),
	(34, '¿Qué unidades se utilizan en el método electromagnético?', 1, 1),
	(35, 'El método de baja frecuencia que induce un flujo de corriente en la tierra, sin el uso de electrodos es:', 2, 1),
	(36, 'La Relación de Poisson es la propiedad elástica que mide la variación de la longitud de onda, o sea, el alargamiento o acortamiento con relación a un esfuerzo en condiciones de tensión o compresión.', 1, 1),
	(37, 'A la onda que viaja en la trayectoria más corta entre la fuente y el geófono se le conoce como:', 2, 1),
	(38, 'A la corrección por incidencia normal de los rayos sísmicos sobre horizontes inclinados se le conoce cómo:', 3, 1),
	(39, 'Los campos eléctrico y gravitacional son considerados ejemplos de campos:', 1, 1),
	(40, 'El péndulo es el instrumento clásico para medir tanto la gravedad absoluta y la relativa.', 1, 1),
	(41, 'La gravedad absoluta medida en los polos con respecta la medida en el Ecuador es:', 2, 1),
	(42, 'Dentro de las técnicas de campo gravimétricas, se debe regresar a una base seleccionada para realizar la corrección:', 2, 1),
	(43, 'El campo magnético de la Tierra se puede considerar en una primera aproximación como:', 1, 1),
	(44, 'Es la propiedad física medida por el método magnético:', 1, 1),
	(45, 'Como técnica de campo del método magnético, lo más recomendable es utilizar una estación base para poder realizar la corrección:', 2, 1),
	(46, 'De los siguientes grupos de rocas, en general ¿cuáles darían la menor respuesta magnética?', 2, 1),
	(47, 'Es la propiedad física del subsuelo que se va a calcular con los Métodos Eléctricos de Exploración:', 1, 1),
	(48, 'La Ley de Coulomb es la ley física que rige a los métodos eléctricos de exploración y que permite hacer los cálculos en campo en los Sondeos Eléctricos Verticales.', 1, 1),
	(49, 'Principio de que el recorrido adoptado por un rayo de luz desde un punto hasta otro es el que implica el tiempo mínimo (o el tiempo máximo en casos extraños). Debe su nombre a su descubridor, un matemático francés:', 2, 1),
	(50, 'Ecuación de Maxwell que se basa en la ley que establece que la corriente inducida en un circuito es directamente proporcional a la rapidez con que cambia el flujo magnético que lo atraviesa:', 3, 1),
	(51, 'El método magnetotelúrico permite caracterizar la distribución de resistividad del subsuelo a partir de la estimación de:', 3, 1),
	(52, 'En el método magnetotelúrico de fuente natural ¿qué origen tiene el campo considerado como fuente en frecuencias mayores a 1 Hz (periodos cortos)?', 3, 1),
	(53, 'En un sondeo transitorio electromagnético ¿cómo se comporta la respuesta del subsuelo medida en el receptor en la etapa tardía?', 3, 1),
	(54, 'El sondeo de resonancia magnética permite estimar la porosidad y el volumen de agua en un acuífero.', 1, 1),
	(55, 'En las discontinuidades abruptas de las interfases, o estructuras cuyos radios de curvatura son más cortos que la longitud de onda incidente, ocurre una propagación radial de la energía sísmica conocida como Difracción.', 1, 1),
	(56, '¿Qué comportamiento tiene la velocidad de propagación de las ondas sísmicas en el subsuelo al aumentar la profundidad?', 1, 1),
	(57, 'En prospección sísmica, ¿Qué es el offset?', 1, 1),
	(58, 'Las únicas características petrofísicas que determinan la calidad de una roca acumuladora de Hidrocarburos es la permeabilidad y porosidad.', 1, 1),
	(59, 'La interpretación sísmica estratigráfica nos permite definir los posibles entrampamientos de hidrocarburos en un plegamiento.', 1, 1),
	(60, 'La ecuación de Archie no brinda resultados correctos en formaciones areno-arcillosas ya que las lutitas adicionan conductividad a la formación.', 1, 1),
	(61, 'Parte mecánica de la tierra ubicada entre los 670 y 2900 kms. de profundidad, compuesta principalmente por O, Mg, Si, Fe, Ca, Al, Na, Cr, Ni:', 1, 2),
	(62, 'Valor de la circunferencia de la tierra:', 2, 2),
	(63, 'Es el metal más abundante en la corteza terrestre:	', 1, 2),
	(64, 'Sistema de corrientes de agua que fluyen en todas las direcciones alejándose de una estructura central elevada como un volcán:', 2, 2),
	(65, 'Nombre de las tres placas tectónicas que bordean a México:', 3, 2),
	(66, 'Se produce cuando las rocas están en contacto con un cuerpo ígneo:', 2, 2),
	(67, 'Un análisis de cuencas es un estudio de las rocas sedimentarias para determinar:', 3, 2),
	(68, 'De acuerdo a los mecanismos físicos, las cuencas se dividen en categorías, ¿cuál de las siguientes sentencias no es una de ellas?', 3, 2),
	(69, 'La transgresión es el avance del mar sobre un terreno que no había sido ocupado por él hasta el momento. Se produce por hundimientos de la costa o la elevación del nivel del mar.', 1, 2),
	(70, 'Evento orogénico que formo la Sierra Madre Oriental', 1, 2),
	(71, '¿Cómo se conoce a la extinción de los dinosaurios de acuerdo a la tabla del tiempo geológico?', 1, 2),
	(72, 'Dentro de la composición química de la corteza terrestre, ¿cuál es el elemento más común?', 1, 2),
	(73, '¿Cuál es el rango, en millones de años, del Periodo Cretácico de la Era Mesozoica?', 2, 2),
	(74, 'La Serie de Reacción de Bowen describe la secuencia de rocas que se forman durante la cristalización de un silicato en estado de fusión.', 2, 2),
	(75, '¿Cuál de estos minerales tiene mayor dureza?', 3, 2),
	(76, 'Una vez hecho el reconocimiento litológico se observan las muestras de canal en el fluoroscopio con el fin de determinar si hay presencia de:', 2, 2),
	(77, '¿Cuántas características texturales se requieren para la clasificación de Dunham de carbonatos?	', 2, 2),
	(78, 'Al principio que dice: "Que las características físicas y biológicas de la Tierra fueron producidas por los mismos procesos que suceden hoy día", se le denomina:	', 3, 2),
	(79, '¿En qué medio ambiente de depósito se forman las evaporitas?	', 1, 2),
	(80, '¿Cuáles son los organismos marinos de vida libre que construyen una concha de carbonato de calcio secretado por ellos mismos?	', 2, 2),
	(81, 'A los artrópodos exclusivamente marinos, bentónicos que tienen la posibilidad de moverse por la disposición de sus patas y que vivieron durante todo el Paleozoico, se les conoce cómo:	', 2, 2),
	(82, '¿Cuál es la disciplina de la botánica que estudia polen, esporas, dinoflagelados y cualquier palinomórfo actual o fósil?', 3, 2),
	(83, 'Al tipo de falla que más se relaciona a los yacimientos de gas en rocas siliciclásticas, se le conoce cómo:	', 2, 2),
	(84, '¿Qué tipo de proceso tectónico da como consecuencia el acortamiento de estructuras geológicas?	', 1, 2),
	(85, 'El pliegue que se forma durante la evolución de una falla lístrica se le conoce cómo:	', 2, 2),
	(86, 'Los sedimentos inmaduros se acumulan en lugares tales como:', 1, 2),
	(87, 'Son rocas Detríticas:', 1, 2),
	(88, 'Término de la clasificación de Dunham alusivo a rocas carbonatadas que contiene menos del 10% de granos y el resto es matriz de lodo carbonatado, equivale en parte a micrita y a lutita:', 2, 2),
	(89, 'Es la unidad fundamental de la cronoestratigrafía. Consiste en un conjunto de rocas estratificadas que se han formado durante un intervalo de tiempo determinado:', 1, 2),
	(90, 'Proceso sedimentario que disgrega las rocas previamente intemperizadas, incluye mínimo movimiento de las partículas y los principales agentes que lo causan son el agua y el viento:	', 1, 2),
	(91, '¿Cómo se llama la ley que define que el caudal que recorre cierta distancia es linealmente proporcional al área y al gradiente hidráulico?	', 2, 2),
	(92, '¿En qué tipo de ambiente tectónico las cuencas pueden generar hidrocarburos?', 2, 2),
	(93, 'Considerando los conceptos de mecánica de rocas; ¿qué materiales ante esfuerzos rápidos se rompen?', 1, 2),
	(94, '¿Qué tipo de rocas provén resultados más precisos usando radioisótopos?	', 2, 2),
	(95, 'Primer supercontinente del Proterozoico:', 1, 2),
	(96, 'Los Amonites son fósiles índice característicos del:	', 2, 2),
	(97, 'La Orogenia Laramide afectó a:		', 1, 2),
	(98, 'Periodo en el que se extinguen cerca del 95% de las especies marinas:	', 2, 2),
	(99, 'La estructura sedimentaria se define como el arreglo geométrico de las partículas que constituyen a un sedimento.', 1, 2),
	(100, 'En 1793 este hombre reconoció que los fósiles se podrían utilizar para predecir la edad relativa de las rocas sedimentarias y de esta forma también se podía definir formaciones dentro de una unidad de roca:	', 3, 2),
	(101, 'Proceso de cambios en el cual sedimentos no consolidados se transforman en rocas sedimentarias:			', 1, 2),
	(102, 'Es una zona deprimida de la corteza terrestre de origen tectónico donde se acumulan sedimentos y para su formación se requiere un proceso de subsidencia prolongada:', 1, 2),
	(103, 'Se le denomina a un tipo de falla directa, que se desarrolla y se sigue desplazando durante la sedimentación y que habitualmente posee estratos de mayor espesor en el bloque elevado deprimido que en el bloque hundido:	', 1, 2),
	(104, 'Los anticlinales son doblamientos de rocas sedimentarias y/o volcánicas, inicialmente planas, en una serie de ondulaciones debido a esfuerzos compresivos.', 1, 2),
	(105, 'Son fallas donde el bloque del techo se encuentra sobre el bloque del piso, el plano de falla generalmente tiene un ángulo de 30° con respecto a la horizontal:	', 1, 2),
	(106, 'La Reflectancia de la Vitrinita es un método químico utilizado como termómetro para inferir la madurez térmica de las rocas generadoras de petróleo.	', 1, 2),
	(107, 'La migración secundaria es un proceso que involucra interacciones complejas entre el agua de poro, el petróleo y las superficies minerales de la roca y provoca la expulsión de los hidrocarburos de la roca madre.		', 1, 2),
	(108, 'En el estudio de placas tectónicas, es la capa sobre la astenósfera que incluye la corteza y parte del manto superior y alcanza hasta 100 km en espesor:	', 1, 2),
	(109, 'La soldadura de sal es una superficie donde se unen estratos originalmente separados por sal.	', 2, 2),
	(110, 'Estructura salina que resulta de la unión a lo largo de una sutura de dos o más capas de sal somera:', 2, 2),
	(111, 'El Flysh es un flujo de alta o baja densidad que presenta buena estratificación y/o laminación conformado por geometrías de aprones y abanicos submarinos.', 1, 2),
	(112, 'Las trazas fósiles o icnofósiles son estructuras que indican la actividad de un organismo.', 2, 2),
	(113, 'Es el conjunto de transformaciones químicas, físicas y biológicas del sedimento desde su deposición primaria, durante y después de su litificación por sepultamiento en el subsuelo:', 1, 2),
	(114, 'Roca que contiene principalmente sedimentos de tamaño de grano entre 4 y 62 micrones de diámetro que pueden dividirse en gruesos, medios, finos y muy finos:', 3, 2),
	(115, 'En el esquema de clasificación de Dott (1964), una roca clástica con 20% de matriz arcillosa, 30% de cuarzo, 20% de feldespato y 30% de líticos se clasifica como una:', 3, 2),
	(116, 'Además del silicio ¿cuál es el componente fundamental de los silicatos, el grupo de minerales más abundantes en la corteza terrestre?', 1, 2),
	(117, '¿Qué nombre recibe el proceso de ordenación de la estructura de átomos, iones o moléculas de un mineral?', 3, 2),
	(118, 'La Astenosfera es la parte del manto que se comporta de una manera rígida.', 1, 2),
	(119, 'Una Formación es un conjunto de rocas estratificadas que se diferencian de los estratos adyacentes por el predominio de una cierta litología o combinación de litologías, o por poseer rasgos litológicos unificadores o destacables.', 1, 2),
	(120, 'Una Provincia Petrolera es un elemento de riesgo geológico que mide la relación cronológica existente entre la formación de la trampa y la generación-migración de los hidrocarburos en un sistema petrolero.', 1, 2),
	(121, 'A la tubería que sirve como ademe, la cual es adherida a las paredes del pozo por medio de cemento, aislando el interior del pozo de las formaciones geológicas perforadas se les conoce como:', 1, 3),
	(122, 'En los pozos por medio del fluido de perforación se controlan las presiones de formación y la presión hidrostática.', 1, 3),
	(123, 'La densidad de este aceite es mayor a 27 grados API, pero menor o igual a 38 grados:', 2, 3),
	(124, 'Es aquél aceite cuya densidad es menor o igual a 27 grados API:', 2, 3),
	(125, 'La densidad de este aceite es mayor a los 38 grados API:', 2, 3),
	(126, 'Gas que se encuentra en contacto y/o disuelto en el aceite crudo del yacimiento:', 1, 3),
	(127, 'Uno de los objetivos de la toma de registros de hidrocarburos es la:', 1, 3),
	(128, 'El Gasómetro es el equipo que registra los gases que provienen de la formación, separando cada uno de ellos (del C1 al IC5), que viene viajando dentro del fluido de perforación.', 1, 3),
	(129, 'Las ventajas de usar lodo base aceite son: bajas perdidas de circulación y filtrado compatible con la mayoría de los fluidos de la formación.', 1, 3),
	(130, 'A partir de muestras de canal, núcleos, pruebas de formación, análisis petrofísicos, análisis PVT y registros geofísicos de explotación, se determina:', 3, 3),
	(131, 'Se conectan a boca del pozo, por debajo del piso de la torre de perforación:', 1, 3),
	(132, 'Los pozos que por energía propia los hidrocarburos se mueven hasta las centrales de separación, se denominan: ', 2, 3),
	(133, '¿Cuál es el nombre del dispositivo en la línea de limpieza del fluido de perforación, que se emplea para separar los recortes del trépano u otros sólidos?	', 2, 3),
	(134, '¿Cuál es la acción necesaria para aislar una formación atravesada durante la perforación de tal forma que se evite invasiones de fluidos?', 3, 3),
	(135, 'Al hidrocarburo más importante que se forma durante la "Etapa de Diagénesis" de una cuenca sedimentaria, se le conoce cómo Aromáticos.	', 1, 3),
	(136, 'A la protección de los ductos de la corrosión a través de la colocación de ánodos de magnesio, se le conoce cómo:', 3, 3),
	(137, 'Una aplicación del registro DSI en la Ingeniería de Perforación es:	', 3, 3),
	(138, 'A la viscosidad de un fluido medida a una determinada velocidad de corte y a una temperatura fija, se le conoce como:', 1, 3),
	(139, 'EL método Foster y Whalen se utiliza para detectar presiones anormales, el cual toma en cuenta el ritmo de penetración de la barrena, el peso sobre la barrena y la velocidad de rotación, para evaluar la compactación de los sedimentos.	', 1, 3),
	(140, 'Se tiene una tubería de grado P-110, ¿cuál es el esfuerzo mínimo de cedencia de dicha tubería?	', 2, 3),
	(141, '¿Qué ecuación permite calcular la presión interna de una tubería la cual describe la relación entre la presión interna, la tensión admisible, el espesor de pared y el diámetro de las tuberías?', 2, 3),
	(142, 'En flujo multifásico, el Resbalamiento se usa para describir el fenómeno natural del flujo a mayor velocidad de una de las fases.', 1, 3),
	(143, 'En el tipo de yacimientos Bajosaturados, se utiliza el modelo de Vogel para la determinación del comportamiento de afluencia.', 1, 3),
	(144, '¿Cuáles son las geometrías de flujo o patrones de flujo que se presenta en una tubería vertical?', 2, 3),
	(145, '¿Qué método se utiliza para el diseño de dimensionamiento de separadores?', 1, 3),
	(146, 'Principio de operación de la tecnología de medición de placa de orificio:	', 1, 3),
	(147, 'Son equipos adicionales a la infraestructura de un pozo que suministran energía adicional a los fluidos producidos por el yacimiento desde una profundidad determinada:	', 1, 3),
	(148, '¿Qué término define el gasto al cual aceite o gas puede producir a través de una diferencia de presión entre el yacimiento y el pozo?	', 1, 3),
	(149, 'En el análisis de curvas de declinación de la producción. ¿qué forma tiene la curva que está representada por un exponente de declinación igual a 1?', 2, 3),
	(150, 'En el sistema artificial de producción por cavidades progresivas, ¿cuál es el nombre del elemento en forma de doble hélice, el cual se encuentra fijo y es una camisa de acero revestida internamente en caucho moldeado?	', 3, 3),
	(151, 'Es un gas flamable e incoloro, es el primer miembro de la serie de las parafinas, químicamente no reactivo y es más ligero que el aire:	', 1, 3),
	(152, 'Mencione los tres componentes aromáticos más comunes presentes en el petróleo crudo:', 2, 3),
	(153, '¿Cuál es el nombre de los autores que introdujeron el método de imágenes para determinar la presión promedio de un yacimiento limitado?	', 3, 3),
	(154, 'Este efecto establece que la permeabilidad de los gases a bajas presiones puede ser mayor que la permeabilidad absoluta:', 1, 3),
	(155, '¿Cómo se define matemáticamente el término de capacidad de flujo?', 1, 3),
	(156, 'Es la representación gráfica en coordenadas log-log de una familia de curvas de presión y/o función derivada, que muestran el comportamiento típico del sistema ante un modelo de pozo, yacimiento y frontera:', 3, 3),
	(157, 'El desarrollo de esta ecuación se atribuye a Leverett y para deducirla, se considera un desplazamiento tipo pistón con fugas, en el cual el fluido desplazado es el petróleo y el desplazante es el agua:', 3, 3),
	(158, '¿Cuál sería el valor del radio del pozo denotado por Rw al resolver la ecuación de difusividad para la solución línea fuente?', 2, 3),
	(159, 'Este modelo de entrada de agua se basa en la ecuación radial de difusión y utiliza superposición para calcular la entrada de agua:', 2, 3),
	(160, 'Para el cálculo de la trayectoria direccional, este método es el más exacto de todos, utiliza la inclinación y la dirección del pozo medido en los extremos superior e inferior de la longitud del trayecto para generar un arco suave que representa la trayectoria del pozo:', 3, 3),
	(161, 'Un Fluido Newtoniano es aquel fluido cuya viscosidad varía con la temperatura y la tensión cortante que se le aplica.', 1, 3),
	(162, 'Al volumen de hidrocarburos medido a condiciones estándar que se puede producir económicamente con cualquiera de los métodos y sistemas de explotación aplicables se le denomina:', 2, 3),
	(163, 'Se define como el cociente del volumen acumulativo de aceite producido @cs a una fecha determinada (Np) entre el volumen original de aceite @cs (N):', 3, 3),
	(164, 'Son utilizados para tener una adecuada clasificación de los yacimientos, tomando en cuenta la composición de la mezcla de hidrocarburos, la temperatura y la presión:', 2, 3),
	(165, 'Al valor de saturación a partir del cual el fluido correspondiente (agua, gas o aceite) puede empezar a moverse, se le denomina:', 1, 3),
	(166, '¿Cómo se le llama a la saturación mínima de gas o aceite que queda en un yacimiento después de etapas avanzadas de explotación?	', 1, 3),
	(167, 'Es una medida del cambio de volumen del fluido con la presión, considerando un volumen (V) dado:', 1, 3),
	(168, 'En un diagrama de Fases para un yacimiento, ¿cómo se le llama a la temperatura máxima a la cual pueden existir dos fases en equilibrio?	', 2, 3),
	(169, 'En flujo de fluidos a través de medios porosos, a las ecuaciones que expresan la variación de la densidad de un fluido como función de la presión y temperatura, se les conoce como las Ecuaciones de Van Everdingen.', 1, 3),
	(170, 'Se definen como la pérdida total o parcial del fluido de control (lodo de perforación) hacia una formación muy permeable, en la superficie se detecta observando el nivel de las presas de lodo:', 1, 3),
	(171, 'Proceso en donde una lechada de cemento no contaminante es desplazada a un área específica del pozo, detrás de la tubería de revestimiento o de la formación a una profundidad dada evitando la migración vertical de los fluidos indeseables:', 2, 3),
	(172, '¿Cómo se llama la operación más importante en la terminación de pozos con tubería de revestimiento, que permite la comunicación adecuada entre el fondo del pozo y las zonas de interés?', 2, 3),
	(173, '¿Cómo se llama al proceso operativo que se inicia después de cementada la última tubería de revestimiento de explotación y se realiza con el fin de dejar al pozo produciendo hidrocarburos?', 1, 3),
	(174, '¿Cómo se denomina al lugar geométrico de los puntos Presión-Temperatura para los cuales se forma la primera gota de líquido al pasar de la región de vapor a la región de dos fases?', 2, 3),
	(175, '¿Cómo se le conoce al estado de presión y temperatura para la cual las propiedades intensivas (viscosidad, densidad, etc.) de las fases líquida y gaseosa son idénticas?', 2, 3),
	(176, '¿Cómo se le llama al mecanismo de desplazamiento donde el aceite, gas y agua tienden a distribuirse en el yacimiento de acuerdo a sus densidades?', 2, 3),
	(177, 'La flotabilidad, la tensión superficial y el régimen hidrodinámico son fuerzas que intervienen en la migración secundaria de los hidrocarburos.', 1, 3),
	(178, 'Las Resinas son compuestos de alto peso molecular complejos que no son solubles en acetato de etilo, pero son solubles en n-heptano los cuales contienen hetero átomos de oxígeno, nitrógeno y átomos de azufre.', 1, 3),
	(179, 'Campo de hidrocarburos que tiene propiedades similares y una etapa más avanzada de desarrollo o producción respecto al prospecto o campo de interés, se le conoce como campo análogo.', 1, 3),
	(180, 'Saturación de agua en un yacimiento retenida alrededor de los granos de roca por tensión superficial que no puede ser desplazada por la migración de hidrocarburos, se le conoce como Saturación de Agua Connata.', 1, 3),
	(181, 'A la técnica de adquisición de datos adquiridos con receptores de más de una componente y que se repite en un lapso de tiempo, se le conoce como:', 2, 4),
	(182, 'Durante la planeación de una prospección sísmica, ¿qué método geofísico nos proporciona información del tamaño del paquete sedimentario?', 1, 4),
	(183, '¿Qué disciplina geológica permite tener información de la génesis, acumulación y entrampamiento de los hidrocarburos?', 1, 4),
	(184, 'En el análisis litológico de muestras de canal se identifican varios tipos de minerales, pero uno que es sumamente importante por el efecto que ejerce en la presión es:', 2, 4),
	(185, 'Etapa que forma parte del proceso de transformación de hidrocarburos, en el que la generación de aceite inicia entre los 50-60°, alcanza aproximadamente 120–130°C, y es reemplazado por gas entre 150–250°C:', 3, 4),
	(186, 'La discontinuidad de Gutenberg la encontramos entre:', 1, 4),
	(187, '¿Cuáles son los principales biopolímeros que se encuentran en la materia orgánica?', 2, 4),
	(188, 'Como resultado de la maduración de la materia orgánica sedimentaria, se obtiene un geopolímero que se describe como materia orgánica insoluble en solventes orgánicos y es el precursor de los hidrocarburos:', 2, 4),
	(189, '¿Quién(es) propone(n) una clasificación de los hidrocarburos basados en las proporciones relativas de los alcanos, ciclo-alcanos y compuestos aromáticos de N, S y O?', 3, 4),
	(190, 'Existen dos tipos de estimación de la reservas: una es la probabilística y la otra es:', 1, 4),
	(191, '¿Cuál es la técnica geoestadística utilizada para predecir la porosidad y permeabilidad de una roca, apoyada de los registros geofísicos de pozo?', 2, 4),
	(192, '¿Cuál es el punto geográfico de la tierra en el cual la gravedad alcanza un valor mínimo?', 1, 4),
	(193, '¿Cuáles de las siguientes cuencas no es productora de gas?', 2, 4),
	(194, '¿En qué año el presidente General Lázaro Cárdenas del Río, decreta la expropiación petrolera en México y crea la empresa Petróleos Mexicanos?', 1, 4),
	(195, '¿Qué método geofísico es el más utilizado para la delimitación de un yacimiento?', 1, 4),
	(196, '¿A qué profundidad se encuentra el límite entre el manto y el núcleo externo?', 2, 4),
	(197, '¿Con qué ecuación se puede obtener la saturación de agua?', 1, 4),
	(198, '¿A qué época geológica pertenecen las formaciones Méndez, San Felipe y Agua Nueva?', 2, 4),
	(199, '¿Qué tipo de roca es considerada como una roca generadora rica en kerógeno con valor económico potencial?', 1, 4),
	(200, 'El "Play" es un término que define:', 3, 4),
	(201, 'Las características de los "Play`s", pueden ser: físicas, genéticas y:', 2, 4),
	(202, '"Lead" es el área que contiene los elementos de un sistema petrolero, pero le falta datos para:', 3, 4),
	(203, '¿Con qué registro geofísico se puede detectar la porosidad vugular?', 2, 4),
	(204, '¿En qué propiedades del subsuelo se basan los métodos geofísicos de exploración?', 1, 4),
	(205, '¿Cuál de las siguientes herramientas preferiría correr en una formación carbonatada compacta perforada con lodo salino?', 3, 4),
	(206, '¿Qué tipo de onda es más sensible a las fracturas y permeabilidad?', 1, 4),
	(207, 'Mezcla de compuestos orgánicos que es el resultado de la desintegración de materia orgánica a través de millones de años y etimológicamente significa aceite de roca:', 1, 4),
	(208, '¿En qué Cuenca de México se encuentra el yacimiento conocido como Faja de Oro?', 2, 4),
	(209, 'El campo magnético terrestre lleva a inferir que el núcleo es metálico. ¿cuáles son los dos materiales que lo conforman en su mayor parte?', 1, 4),
	(210, '¿Qué capa del interior de la Tierra es líquida, por lo que las ondas de Cizalla no se transmiten por él?', 1, 4),
	(211, '¿Qué discontinuidad se sitúa debajo de la corteza oceánica?', 1, 4),
	(212, 'Los límites convergentes coinciden geográficamente con:', 2, 4),
	(213, 'Es una roca ígnea extrusiva con un contenido mayor de 63% de SiO2:', 2, 4),
	(214, 'Señala ¿cuál de los siguientes procesos de meteorización es de carácter mecánico?', 2, 4),
	(215, '¿Cuál de los siguientes agentes tiene un menor poder erosivo sobre la superficie de terrestre?', 1, 4),
	(216, '¿Cuál de los siguientes métodos no es utilizado para determinar la edad relativa?', 1, 4),
	(217, 'Estos dos hermanos franceses en la década de 1920 comenzaron con una teoría para evaluar el potencial del pozo e hicieron sus primeros experimentos en el laboratorio en la École des Mines de París:', 1, 4),
	(218, 'Es la mayor asociación de comercio de Estados Unidos para la industria del petróleo y el gas natural. Se dice representar a cerca de 400 empresas involucradas en la producción, refinación, distribución de hidrocarburos:', 1, 4),
	(219, 'Según la Energy Information Administration (EIA), ¿qué país cuenta con las mayores reservas de Shale Gas técnicamente recuperable a nivel mundial?', 2, 4),
	(220, '¿Quién fue el primer ingeniero que realizó estudios relacionados con el flujo de fluidos a través de medios porosos?', 1, 4),
	(221, 'Estos compuestos sólidos asemejan hielo sucio los cuales son causados por la reacción de gas natural con agua, los cuales consisten en aproximadamente 10 % de hidrocarburos y 90 % de agua:', 1, 4),
	(222, 'Esta unidad se define como un centipoise dividido por la densidad en gm/cm3, cuyas unidades son cm2/100seg:', 2, 4),
	(223, 'Propiedad que tienen las rocas de permitir el paso de fluidos y/ o gases a través de ellas:	', 1, 4),
	(224, 'Estudia las fuerzas tectónicas y procesos del interior de la Tierra. Puede estudiar las transformaciones de la estructura interna de la Tierra y/o los procesos exógenos de la superficie terrestre:', 1, 4),
	(225, 'Conjunto de elementos y eventos geológicos que coadyuvan en el tiempo y espacio de una cuenca para formar acumulaciones de hidrocarburos:', 2, 4),
	(226, 'Procedimiento de simulación y análisis estadístico que incorpora parámetros de incertidumbre para evaluar volumetría y riesgo y jerarquizar los prospectos exploratorios:', 2, 4),
	(227, 'Es la presión actuando en los fluidos intersticiales de un volumen de roca:', 2, 4),
	(228, 'Tipo de hidrocarburo predominante en la Cuenca de Veracruz:', 1, 4),
	(229, 'Tipo de hidrocarburo predominante en la Cuenca Tampico Misantla:', 1, 4),
	(230, 'Reservas de hidrocarburos antes de considerar el volumen producido que resultan de la suma de las reservas remanentes y la producción acumulada al momento de la estimación:', 3, 4),
	(231, 'Nombre del primer pozo petrolero comercial en México:', 1, 4),
	(232, 'Registro a partir de la radioactividad natural de las formaciones representado en unidades API y utilizado principalmente para detectar capas permeables, determinar arcillosidad de las capas y correlacionar de pozo a pozo:', 2, 4),
	(233, 'Tipo de registros que pueden obtenerse en agujero entubado:', 2, 4),
	(234, '¿Qué factores son los más influyentes en la creación de las rocas metamórficas y magmáticas?', 2, 4),
	(235, '¿Cuál de las siguientes propiedades de los minerales no hacen referencia a factores físicos?', 1, 4),
	(236, '¿Cuál es el mineral más abundante de la corteza terrestre?', 1, 4),
	(237, 'Según la terminología de los modelos dinámicos, ¿por qué capa terrestre se desplaza la litósfera?', 1, 4),
	(238, '¿Qué nombre reciben los depósitos orgánicos procedentes de restos vegetales descompuestos por la falta de oxígeno?', 2, 4),
	(239, '¿Cuál de los siguientes tipos de carbón no es en realidad una roca sedimentaria, sino metamórfica?', 2, 4),
	(240, 'A la propiedad que tiene el medio poroso de succionar el fluido que lo moja y de repeler al no mojante, se le llama:', 3, 4),
	(241, 'Desea hacerse una prospección en una región que asume pueda ser ALTAMENTE productora de gas ¿con cuál de los siguientes estudios sismológicos crees que se obtendría un mejor resultado?', 3, 4),
	(242, '¿Cuál considera que es la principal diferencia entre un levantamiento sísmico 2D y un 3D?', 2, 4),
	(243, '¿Qué técnica de sísmica de pozos da una imagen sísmica bidimensional?', 3, 4),
	(244, '¿Qué disciplina trata la edad absoluta o relativa y las relaciones temporales de los cuerpos rocosos?', 1, 4),
	(245, 'Al kerógeno que se forma en condiciones moderadas de temperatura y presión de los sedimentos jóvenes el cual contiene muchas cadenas alifáticas y pocos núcleos aromáticos, se le denomina:', 3, 4),
	(246, 'Es el estudio de la deformación tectónica que involucra el flujo lateral y vertical de halita y otras evaporitas y su desplazamiento diapírico a través de la cubierta sedimentaria:', 2, 4),
	(247, 'Son aquellas reservas que aportan la producción y tienen mayor certidumbre:', 2, 4),
	(248, 'Son aquellas reservas no probadas para las cuales el análisis de la información geológica y de ingeniería del yacimiento sugiere que son más factibles de ser comercialmente recuperables:', 2, 4),
	(249, 'Son aquellos volúmenes de hidrocarburos cuya información geológica y de ingeniería sugiere que es menos factible su recuperación comercial:', 2, 4),
	(250, 'Sustancia química u otro material colocado en el fluido del pozo y luego detectado para inferir información sobre el pozo o las formaciones perforadas:', 2, 4);
/*!40000 ALTER TABLE `preguntas` ENABLE KEYS */;

-- Volcando estructura para tabla geollin_concurso_db.preguntas_generadas
DROP TABLE IF EXISTS `preguntas_generadas`;
CREATE TABLE IF NOT EXISTS `preguntas_generadas` (
  `ID_GENERADA` int(11) NOT NULL AUTO_INCREMENT,
  `ID_PREGUNTA` int(11) NOT NULL,
  `ID_CONCURSO` int(11) NOT NULL,
  `PREGUNTA_POSICION` int(11) DEFAULT '0',
  `ID_RONDA` int(11) DEFAULT '0',
  `LANZADA` tinyint(1) DEFAULT '0',
  `HECHA` tinyint(1) unsigned DEFAULT '0',
  `NIVEL_EMPATE` int(11) DEFAULT '0',
  `ID_CONCURSANTE` int(11) DEFAULT NULL,
  PRIMARY KEY (`ID_GENERADA`),
  KEY `FK_preguntaGenerada` (`ID_PREGUNTA`),
  KEY `FK_concursoGenerada` (`ID_CONCURSO`),
  KEY `FK_rondaGenerada` (`ID_RONDA`),
  KEY `fk_pgConcursante` (`ID_CONCURSANTE`),
  CONSTRAINT `FK_concursoGenerada` FOREIGN KEY (`ID_CONCURSO`) REFERENCES `concursos` (`ID_CONCURSO`),
  CONSTRAINT `FK_preguntaGenerada` FOREIGN KEY (`ID_PREGUNTA`) REFERENCES `preguntas` (`ID_PREGUNTA`),
  CONSTRAINT `FK_rondaGenerada` FOREIGN KEY (`ID_RONDA`) REFERENCES `rondas` (`ID_RONDA`),
  CONSTRAINT `fk_pgConcursante` FOREIGN KEY (`ID_CONCURSANTE`) REFERENCES `concursantes` (`ID_CONCURSANTE`)
) ENGINE=InnoDB AUTO_INCREMENT=1251 DEFAULT CHARSET=utf8;

-- Volcando datos para la tabla geollin_concurso_db.preguntas_generadas: ~64 rows (aproximadamente)
/*!40000 ALTER TABLE `preguntas_generadas` DISABLE KEYS */;
INSERT INTO `preguntas_generadas` (`ID_GENERADA`, `ID_PREGUNTA`, `ID_CONCURSO`, `PREGUNTA_POSICION`, `ID_RONDA`, `LANZADA`, `HECHA`, `NIVEL_EMPATE`, `ID_CONCURSANTE`) VALUES
	(1187, 204, 123, 1, 4, 1, 1, 0, NULL),
	(1188, 244, 123, 2, 4, 2, 1, 0, NULL),
	(1189, 238, 123, 3, 4, 3, 1, 0, NULL),
	(1190, 205, 123, 4, 4, 4, 1, 0, NULL),
	(1191, 229, 123, 1, 5, 2, 1, 0, 261),
	(1192, 224, 123, 2, 5, 1, 1, 0, 261),
	(1193, 248, 123, 3, 5, 0, 0, 0, 261),
	(1194, 241, 123, 4, 5, 0, 0, 0, 261),
	(1195, 215, 123, 5, 5, 1, 1, 0, 262),
	(1196, 197, 123, 6, 5, 2, 1, 0, 262),
	(1197, 196, 123, 7, 5, 0, 0, 0, 262),
	(1198, 202, 123, 8, 5, 0, 0, 0, 262),
	(1199, 195, 124, 1, 4, 1, 1, 0, NULL),
	(1200, 182, 124, 2, 4, 2, 1, 0, NULL),
	(1201, 227, 124, 3, 4, 3, 1, 0, NULL),
	(1202, 240, 124, 4, 4, 4, 1, 0, NULL),
	(1203, 228, 124, 1, 5, 0, 0, 0, 263),
	(1204, 206, 124, 2, 5, 0, 0, 0, 263),
	(1205, 246, 124, 3, 5, 0, 0, 0, 263),
	(1206, 241, 124, 4, 5, 0, 0, 0, 263),
	(1207, 199, 124, 5, 5, 1, 1, 0, 264),
	(1208, 215, 124, 6, 5, 2, 1, 0, 264),
	(1209, 248, 124, 7, 5, 0, 0, 0, 264),
	(1210, 230, 124, 8, 5, 0, 0, 0, 264),
	(1211, 206, 125, 1, 4, 1, 1, 0, NULL),
	(1212, 216, 125, 2, 4, 2, 1, 0, NULL),
	(1213, 246, 125, 3, 4, 3, 1, 0, NULL),
	(1214, 241, 125, 4, 4, 4, 1, 0, NULL),
	(1215, 218, 125, 1, 5, 1, 1, 0, 265),
	(1216, 228, 125, 2, 5, 2, 1, 0, 265),
	(1217, 226, 125, 3, 5, 3, 1, 0, 265),
	(1218, 200, 125, 4, 5, 4, 1, 0, 265),
	(1219, 194, 125, 5, 5, 2, 1, 0, 266),
	(1220, 224, 125, 6, 5, 1, 1, 0, 266),
	(1221, 227, 125, 7, 5, 3, 1, 0, 266),
	(1222, 245, 125, 8, 5, 4, 1, 0, 266),
	(1223, 195, 126, 1, 4, 1, 1, 0, NULL),
	(1224, 210, 126, 2, 4, 2, 1, 0, NULL),
	(1225, 212, 126, 3, 4, 3, 1, 0, NULL),
	(1226, 200, 126, 4, 4, 4, 1, 0, NULL),
	(1227, 186, 126, 1, 5, 1, 1, 0, 267),
	(1228, 236, 126, 2, 5, 2, 1, 0, 267),
	(1229, 248, 126, 3, 5, 3, 1, 0, 267),
	(1230, 243, 126, 4, 5, 4, 1, 0, 267),
	(1231, 192, 126, 5, 5, 1, 1, 0, 268),
	(1232, 218, 126, 6, 5, 2, 1, 0, 268),
	(1233, 198, 126, 7, 5, 3, 1, 0, 268),
	(1234, 245, 126, 8, 5, 4, 1, 0, 268),
	(1235, 235, 127, 1, 4, 1, 1, 0, NULL),
	(1236, 190, 127, 2, 4, 2, 1, 0, NULL),
	(1237, 219, 127, 3, 4, 3, 1, 0, NULL),
	(1238, 243, 127, 4, 4, 4, 1, 0, NULL),
	(1239, 237, 127, 1, 5, 1, 1, 0, 269),
	(1240, 192, 127, 2, 5, 2, 1, 0, 269),
	(1241, 198, 127, 3, 5, 3, 1, 0, 269),
	(1242, 230, 127, 4, 5, 4, 1, 0, 269),
	(1243, 199, 127, 5, 5, 1, 1, 0, 270),
	(1244, 231, 127, 6, 5, 2, 1, 0, 270),
	(1245, 214, 127, 7, 5, 3, 1, 0, 270),
	(1246, 185, 127, 8, 5, 4, 1, 0, 270),
	(1247, 197, 127, 1, 6, 1, 1, 1, NULL),
	(1248, 229, 127, 2, 6, 2, 1, 1, NULL),
	(1249, 227, 127, 3, 6, 3, 1, 1, NULL),
	(1250, 200, 127, 4, 6, 4, 1, 1, NULL),
	(1251, 220, 128, 1, 4, 1, 1, 0, NULL),
	(1252, 195, 128, 2, 4, 2, 1, 0, NULL),
	(1253, 213, 128, 3, 4, 3, 1, 0, NULL),
	(1254, 243, 128, 4, 4, 4, 1, 0, NULL),
	(1255, 228, 128, 1, 5, 2, 1, 0, 271),
	(1256, 235, 128, 2, 5, 1, 1, 0, 271),
	(1257, 181, 128, 3, 5, 3, 1, 0, 271),
	(1258, 240, 128, 4, 5, 4, 1, 0, 271),
	(1259, 192, 128, 5, 5, 1, 1, 0, 272),
	(1260, 204, 128, 6, 5, 2, 1, 0, 272),
	(1261, 234, 128, 7, 5, 3, 1, 0, 272),
	(1262, 200, 128, 8, 5, 4, 1, 0, 272),
	(1263, 210, 129, 1, 4, 1, 1, 0, NULL),
	(1264, 218, 129, 2, 4, 2, 1, 0, NULL),
	(1265, 242, 129, 3, 4, 0, 0, 0, NULL),
	(1266, 185, 129, 4, 4, 0, 0, 0, NULL),
	(1267, 217, 129, 1, 5, 0, 0, 0, 273),
	(1268, 221, 129, 2, 5, 0, 0, 0, 273),
	(1269, 222, 129, 3, 5, 0, 0, 0, 273),
	(1270, 189, 129, 4, 5, 0, 0, 0, 273),
	(1271, 183, 129, 5, 5, 0, 0, 0, 274),
	(1272, 195, 129, 6, 5, 0, 0, 0, 274),
	(1273, 193, 129, 7, 5, 0, 0, 0, 274),
	(1274, 230, 129, 8, 5, 0, 0, 0, 274),
	(1275, 210, 130, 1, 4, 1, 1, 0, NULL),
	(1276, 211, 130, 2, 4, 2, 1, 0, NULL),
	(1277, 226, 130, 3, 4, 3, 1, 0, NULL),
	(1278, 245, 130, 4, 4, 4, 1, 0, NULL),
	(1279, 220, 130, 1, 5, 1, 1, 0, 275),
	(1280, 199, 130, 2, 5, 2, 1, 0, 275),
	(1281, 201, 130, 3, 5, 3, 1, 0, 275),
	(1282, 189, 130, 4, 5, 4, 1, 0, 275),
	(1283, 197, 130, 5, 5, 1, 1, 0, 276),
	(1284, 224, 130, 6, 5, 2, 1, 0, 276),
	(1285, 208, 130, 7, 5, 3, 1, 0, 276),
	(1286, 241, 130, 8, 5, 0, 0, 0, 276),
	(1287, 182, 131, 1, 4, 1, 1, 0, NULL),
	(1288, 192, 131, 2, 4, 2, 1, 0, NULL),
	(1289, 184, 131, 3, 4, 3, 1, 0, NULL),
	(1290, 185, 131, 4, 4, 4, 1, 0, NULL),
	(1291, 195, 131, 1, 5, 1, 1, 0, 277),
	(1292, 206, 131, 2, 5, 2, 1, 0, 277),
	(1293, 246, 131, 3, 5, 3, 1, 0, 277),
	(1294, 245, 131, 4, 5, 4, 1, 0, 277),
	(1295, 220, 131, 5, 5, 2, 1, 0, 278),
	(1296, 211, 131, 6, 5, 1, 1, 0, 278),
	(1297, 249, 131, 7, 5, 3, 1, 0, 278),
	(1298, 189, 131, 8, 5, 4, 1, 0, 278);
/*!40000 ALTER TABLE `preguntas_generadas` ENABLE KEYS */;

-- Volcando estructura para tabla geollin_concurso_db.reglas
DROP TABLE IF EXISTS `reglas`;
CREATE TABLE IF NOT EXISTS `reglas` (
  `ID_REGLA` int(11) NOT NULL AUTO_INCREMENT,
  `ID_RONDA` int(11) NOT NULL,
  `TIENE_PASO` tinyint(1) DEFAULT '0',
  `TIENE_TURNOS` tinyint(1) DEFAULT '0',
  `RESTA_PASO` tinyint(1) DEFAULT '0',
  `RESTA_ERROR` tinyint(1) DEFAULT '0',
  `GRADOS` varchar(255) DEFAULT '',
  PRIMARY KEY (`ID_REGLA`),
  KEY `FK_rondaRegla` (`ID_RONDA`),
  CONSTRAINT `FK_rondaRegla` FOREIGN KEY (`ID_RONDA`) REFERENCES `rondas` (`ID_RONDA`)
) ENGINE=InnoDB AUTO_INCREMENT=7 DEFAULT CHARSET=utf8;

-- Volcando datos para la tabla geollin_concurso_db.reglas: ~6 rows (aproximadamente)
/*!40000 ALTER TABLE `reglas` DISABLE KEYS */;
INSERT INTO `reglas` (`ID_REGLA`, `ID_RONDA`, `TIENE_PASO`, `TIENE_TURNOS`, `RESTA_PASO`, `RESTA_ERROR`, `GRADOS`) VALUES
	(1, 1, 0, 0, 0, 0, '1,1,2,3'),
	(2, 2, 0, 0, 0, 1, '1,1,2,3'),
	(3, 3, 0, 0, 0, 1, '2,2,2,3'),
	(4, 4, 0, 0, 0, 0, '1,1,2,3'),
	(5, 5, 1, 1, 1, 1, '1,1,2,3'),
	(6, 6, 0, 0, 0, 0, '1,1,2,3');
/*!40000 ALTER TABLE `reglas` ENABLE KEYS */;

-- Volcando estructura para tabla geollin_concurso_db.respuestas
DROP TABLE IF EXISTS `respuestas`;
CREATE TABLE IF NOT EXISTS `respuestas` (
  `ID_RESPUESTA` int(11) NOT NULL AUTO_INCREMENT,
  `ID_PREGUNTA` int(11) NOT NULL,
  `INCISO` varchar(8) NOT NULL,
  `RESPUESTA` varchar(2048) DEFAULT '',
  `ES_CORRECTA` tinyint(1) DEFAULT NULL,
  `ES_IMAGEN` tinyint(1) DEFAULT '0',
  PRIMARY KEY (`ID_RESPUESTA`),
  KEY `FK_preguntaRespuesta` (`ID_PREGUNTA`),
  CONSTRAINT `FK_preguntaRespuesta` FOREIGN KEY (`ID_PREGUNTA`) REFERENCES `preguntas` (`ID_PREGUNTA`)
) ENGINE=InnoDB AUTO_INCREMENT=1178 DEFAULT CHARSET=utf8;

-- Volcando datos para la tabla geollin_concurso_db.respuestas: ~926 rows (aproximadamente)
/*!40000 ALTER TABLE `respuestas` DISABLE KEYS */;
INSERT INTO `respuestas` (`ID_RESPUESTA`, `ID_PREGUNTA`, `INCISO`, `RESPUESTA`, `ES_CORRECTA`, `ES_IMAGEN`) VALUES
	(38, 1, 'A', 'El tamaño del bin', 1, 0),
	(39, 1, 'B', 'El offset máximo', 0, 0),
	(40, 1, 'C', 'El intervalo entre líneas receptoras', 0, 0),
	(41, 1, 'D', 'El fold', 0, 0),
	(42, 2, 'A', '30', 0, 0),
	(43, 2, 'B', '60', 1, 0),
	(44, 2, 'C', '90', 0, 0),
	(45, 2, 'D', '120', 0, 0),
	(46, 3, 'A', 'Transito vehicular', 0, 0),
	(47, 3, 'B', 'Presencia de grandes masas', 0, 0),
	(48, 3, 'C', 'Corrientes de aire', 0, 0),
	(49, 3, 'D', 'Postes de electricidad', 1, 0),
	(50, 4, 'A', 'Transito vehicular', 1, 0),
	(51, 4, 'B', 'Presencia de grandes masas', 0, 0),
	(52, 4, 'C', 'Corrientes de aire', 0, 0),
	(53, 4, 'D', 'Postes de electricidad', 0, 0),
	(54, 5, 'A', 'Barrido sísmico', 1, 0),
	(55, 5, 'B', 'Impulso elástico', 0, 0),
	(56, 5, 'C', 'Impulso sísmico', 0, 0),
	(57, 5, 'D', 'Onda sísmica', 0, 0),
	(58, 6, 'A', 'Ondícula de Rayleigh', 0, 0),
	(59, 6, 'B', 'Ondícula de Ricker', 0, 0),
	(60, 6, 'C', 'Ondícula de Klauder', 1, 0),
	(61, 6, 'D', 'Ondícula Madre', 0, 0),
	(62, 7, 'A', 'Análisis de Ruido Residual', 0, 0),
	(63, 7, 'B', 'Prueba Direccional', 0, 0),
	(64, 7, 'C', 'Análisis de Ruido', 1, 0),
	(65, 7, 'D', 'Prueba de Patrones de Detección', 0, 0),
	(66, 8, 'A', 'Ohm - metro', 0, 0),
	(67, 8, 'B', 'Gammas o nanoteslas', 1, 0),
	(68, 8, 'C', 'Metros por segundo', 0, 0),
	(69, 8, 'D', 'Gales o Miligales', 0, 0),
	(70, 9, 'A', '99 a 1000', 0, 0),
	(71, 9, 'B', '10 a 100', 0, 0),
	(72, 9, 'C', '10,000 a 100,000', 0, 0),
	(73, 9, 'D', '1,000 a 10,000', 1, 0),
	(74, 10, 'A', 'Densidad y velocidad', 0, 0),
	(75, 10, 'B', 'Velocidad y susceptibilidad', 0, 0),
	(76, 10, 'C', 'Porosidad y permeabilidad', 0, 0),
	(77, 10, 'D', 'Densidad y susceptibilidad', 1, 0),
	(78, 11, 'A', 'Geoide	', 1, 0),
	(79, 11, 'B', 'Geopotencial', 0, 0),
	(80, 11, 'C', 'Elipsoide', 0, 0),
	(81, 11, 'D', 'Geosfera', 0, 0),
	(82, 12, 'A', 'Time bed', 0, 0),
	(83, 12, 'B', 'Time Slice', 1, 0),
	(84, 12, 'C', 'Clinoforma', 0, 0),
	(85, 12, 'D', 'Strata Slice', 0, 0),
	(86, 13, 'A', 'Módulo de Young', 1, 0),
	(87, 13, 'B', 'Módulo de Poisson', 0, 0),
	(88, 13, 'C', 'Módulo de Compresibilidad', 0, 0),
	(89, 13, 'D', 'Módulo volumétrico', 0, 0),
	(90, 14, 'A', 'Onda Longitudinal', 1, 0),
	(91, 14, 'B', 'Onda Transversal', 0, 0),
	(92, 14, 'C', 'Onda Love', 0, 0),
	(93, 14, 'D', 'Onda Raleygh', 0, 0),
	(94, 15, 'A', 'Velocidad NMO', 1, 0),
	(95, 15, 'B', 'Velocidad RMS', 0, 0),
	(96, 15, 'C', 'Velocidad Onda P', 0, 0),
	(97, 15, 'D', 'Velocidad Media', 0, 0),
	(98, 16, 'A', 'Punto de Curie', 1, 0),
	(99, 16, 'B', 'Punto de Fusión', 0, 0),
	(100, 16, 'C', 'Punto de paramagnetización', 0, 0),
	(101, 16, 'D', 'Ninguna de las anteriores', 0, 0),
	(102, 17, 'A', 'En la mesósfera', 0, 0),
	(103, 17, 'B', 'En la litósfera', 0, 0),
	(104, 17, 'C', 'En el núcleo interno', 0, 0),
	(105, 17, 'D', 'En el núcleo externo', 1, 0),
	(106, 18, 'A', 'Bouguer', 0, 0),
	(107, 18, 'B', 'Aire libre Positivas', 0, 0),
	(108, 18, 'C', 'Bouguer Negativas', 1, 0),
	(109, 18, 'D', 'Aire libre', 0, 0),
	(110, 19, 'A', 'FALSO', 0, 0),
	(111, 19, 'B', 'VERDADERO', 1, 0),
	(112, 20, 'A', 'FALSO', 0, 0),
	(113, 20, 'B', 'VERDADERO', 1, 0),
	(114, 21, 'A', '10^2', 0, 0),
	(115, 21, 'B', '10^3', 0, 0),
	(116, 21, 'C', '10^4', 1, 0),
	(117, 21, 'D', '10^5', 0, 0),
	(118, 22, 'A', 'FALSO', 1, 0),
	(119, 22, 'B', 'VERDADERO', 0, 0),
	(120, 23, 'A', 'FALSO', 1, 0),
	(121, 23, 'B', 'VERDADERO', 0, 0),
	(122, 24, 'A', 'Dinoseis', 0, 0),
	(123, 24, 'B', 'Vibroseis', 1, 0),
	(124, 24, 'C', 'Dinamita', 0, 0),
	(125, 24, 'D', 'Airgun', 0, 0),
	(126, 25, 'A', 'Coeficiente de reflexión', 0, 0),
	(127, 25, 'B', 'Serie Reflectiva', 0, 0),
	(128, 25, 'C', 'Coeficiente de transmisión', 0, 0),
	(129, 25, 'D', 'Impedancia acústica', 1, 0),
	(130, 26, 'A', 'Compresional', 0, 0),
	(131, 26, 'B', 'Transversal', 0, 0),
	(132, 26, 'C', 'Superficial “Rayleigh”	', 0, 0),
	(133, 26, 'D', 'Superficial “Love”', 1, 0),
	(134, 27, 'A', 'de Snell', 0, 0),
	(135, 27, 'B', 'de Huyghens', 1, 0),
	(136, 27, 'C', 'de Fermat', 0, 0),
	(137, 27, 'D', 'de la Elasticidad', 0, 0),
	(138, 28, 'A', 'Ondas múltiples', 1, 0),
	(139, 28, 'B', 'Onda de Aire', 0, 0),
	(140, 28, 'C', 'Ondas superficiales	', 0, 0),
	(141, 28, 'D', 'Ondas laterales', 0, 0),
	(142, 29, 'A', 'Ecuación de Willie', 0, 0),
	(143, 29, 'B', 'Formula de Dix', 1, 0),
	(144, 29, 'C', 'Integral de Kirchhoff', 0, 0),
	(145, 29, 'D', 'Ecuación de Gardner', 0, 0),
	(146, 30, 'A', 'Predictiva', 0, 0),
	(147, 30, 'B', 'Mínima entropía', 0, 0),
	(148, 30, 'C', 'Homomórfica', 0, 0),
	(149, 30, 'D', 'Spiking', 1, 0),
	(150, 31, 'A', 'FKF', 0, 0),
	(151, 31, 'B', 'DNMO', 0, 0),
	(152, 31, 'C', 'NMO', 1, 0),
	(153, 31, 'D', 'BPF', 0, 0),
	(154, 32, 'A', 'Semblanza', 0, 0),
	(155, 32, 'B', 'Factor Q', 0, 0),
	(156, 32, 'C', 'Frecuencia', 1, 0),
	(157, 32, 'D', 'Impedancia', 0, 0),
	(158, 33, 'A', 'Dinamita', 0, 0),
	(159, 33, 'B', 'Vibroseis', 0, 0),
	(160, 33, 'C', 'Airgun	', 1, 0),
	(161, 33, 'D', 'Geoflex', 0, 0),
	(162, 34, 'A', 'Ohm-metro', 0, 0),
	(163, 34, 'B', 'Gamas-ohm', 0, 0),
	(164, 34, 'C', 'Milisiemens-metro	', 1, 0),
	(165, 34, 'D', 'Amperes-metro', 0, 0),
	(166, 35, 'A', 'Eléctrico', 0, 0),
	(167, 35, 'B', 'Resistivo', 0, 0),
	(168, 35, 'C', 'Electromagnético	', 1, 0),
	(169, 35, 'D', 'Magnetotelúrico', 0, 0),
	(170, 36, 'A', 'FALSO	', 1, 0),
	(171, 36, 'B', 'VERDADERO	', 0, 0),
	(172, 37, 'A', 'Onda corta', 0, 0),
	(173, 37, 'B', 'Onda larga', 0, 0),
	(174, 37, 'C', 'Onda directa', 1, 0),
	(175, 37, 'D', 'Onda rápida', 0, 0),
	(176, 38, 'A', 'Apilamiento', 0, 0),
	(177, 38, 'B', 'Filtrado multicanal', 0, 0),
	(178, 38, 'C', 'Deconvolución', 0, 0),
	(179, 38, 'D', 'Migración', 1, 0),
	(180, 39, 'A', 'Rotacionales', 0, 0),
	(181, 39, 'B', 'No conservativos', 0, 0),
	(182, 39, 'C', 'Potenciales', 1, 0),
	(183, 39, 'D', 'No potenciales', 0, 0),
	(184, 40, 'A', 'FALSO', 0, 0),
	(185, 40, 'B', 'VERDADERO', 1, 0),
	(186, 41, 'A', 'Mayor', 1, 0),
	(187, 41, 'B', 'Menor', 0, 0),
	(188, 41, 'C', 'Igual', 0, 0),
	(189, 41, 'D', 'Se desconoce', 0, 0),
	(190, 42, 'A', 'Por aire libre ', 0, 0),
	(191, 42, 'B', 'De Bouguer ', 0, 0),
	(192, 42, 'C', 'Por deriva ', 1, 0),
	(193, 42, 'D', 'Por mareas', 0, 0),
	(194, 43, 'A', 'Un polo magnético ', 0, 0),
	(195, 43, 'B', 'Un dipolo eléctrico ', 0, 0),
	(196, 43, 'C', 'Un dipolo magnético ', 1, 0),
	(197, 43, 'D', 'Un polo eléctrico', 0, 0),
	(198, 44, 'A', 'Intensidad magnética ', 0, 0),
	(199, 44, 'B', 'Susceptibilidad magnética', 0, 0),
	(200, 44, 'C', 'Momento magnético ', 1, 0),
	(201, 44, 'D', 'Carga magnética', 0, 0),
	(202, 45, 'A', 'Diurna', 1, 0),
	(203, 45, 'B', 'Secular', 0, 0),
	(204, 45, 'C', 'Polo magnético', 0, 0),
	(205, 45, 'D', 'Por elevación', 0, 0),
	(206, 46, 'A', 'Rocas metamórficas', 0, 0),
	(207, 46, 'B', 'Rocas sedimentarias', 1, 0),
	(208, 46, 'C', 'Rocas intrusivas ', 0, 0),
	(209, 46, 'D', 'Rocas extrusivas', 0, 0),
	(210, 47, 'A', 'Resistencia eléctrica', 0, 0),
	(211, 47, 'B', 'Resistividad eléctrica', 1, 0),
	(212, 47, 'C', 'Fuerza eléctrica', 0, 0),
	(213, 47, 'D', 'Campo eléctrico', 0, 0),
	(214, 48, 'A', 'FALSO', 1, 0),
	(215, 48, 'B', 'VERDADERO', 0, 0),
	(216, 49, 'A', 'Principio de Fermat', 1, 0),
	(217, 49, 'B', 'Principio de Huygens', 0, 0),
	(218, 49, 'C', 'Principio de Snell	', 0, 0),
	(219, 49, 'D', 'Principio de Descartes', 0, 0),
	(220, 50, 'A', '50a.png', 1, 1),
	(221, 50, 'B', '50b.png', 0, 1),
	(222, 50, 'C', '50c.png', 0, 1),
	(223, 50, 'D', '50d.png', 0, 1),
	(224, 51, 'A', 'Impedancia eléctrica', 0, 0),
	(225, 51, 'B', 'Impedancia electromagnética', 1, 0),
	(226, 51, 'C', 'Impedancia magnética', 0, 0),
	(227, 51, 'D', 'Impedancia acústica', 0, 0),
	(228, 52, 'A', 'Tormentas solares	', 0, 0),
	(229, 52, 'B', 'Líneas de alta tensión', 0, 0),
	(230, 52, 'C', 'Actividad meteorológica', 1, 0),
	(231, 52, 'D', 'Actividad humana', 0, 0),
	(232, 53, 'A', 'Aumenta constantemente	', 0, 0),
	(233, 53, 'B', 'Decae bruscamnte', 0, 0),
	(234, 53, 'C', 'Aumenta bruscamente', 0, 0),
	(235, 53, 'D', 'Decae constantemente', 1, 0),
	(236, 54, 'A', 'FALSO', 0, 0),
	(237, 54, 'B', 'VERDADERO', 1, 0),
	(238, 55, 'A', 'FALSO', 0, 0),
	(239, 55, 'B', 'VERDADERO', 1, 0),
	(240, 56, 'A', 'Se mantiene igual	', 0, 0),
	(241, 56, 'B', 'Disminuye lentamente	', 0, 0),
	(242, 56, 'C', 'Disminuye bruscamente	', 0, 0),
	(243, 56, 'D', 'Aumenta', 1, 0),
	(244, 57, 'A', 'Separación entre la fuente y el receptor', 1, 0),
	(245, 57, 'B', 'Distancia entre fuentes', 0, 0),
	(246, 57, 'C', 'Separación entre receptores', 0, 0),
	(247, 57, 'D', 'Distancia entre la fuente y el último receptor', 0, 0),
	(248, 58, 'A', 'FALSO', 1, 0),
	(249, 58, 'B', 'VERDADERO', 0, 0),
	(250, 59, 'A', 'FALSO', 1, 0),
	(251, 59, 'B', 'VERDADERO', 0, 0),
	(252, 60, 'A', 'FALSO', 1, 0),
	(253, 60, 'B', 'VERDADERO', 0, 0),
	(254, 61, 'A', 'Mesosfera', 1, 0),
	(255, 61, 'B', 'Astenosfera', 0, 0),
	(256, 61, 'C', 'Núcleo	', 0, 0),
	(257, 61, 'D', 'Ionosfera', 0, 0),
	(258, 62, 'A', '40 075 km', 1, 0),
	(259, 62, 'B', '6 378 km', 0, 0),
	(260, 62, 'C', '12 756 km', 0, 0),
	(261, 62, 'D', '25.512', 0, 0),
	(262, 63, 'A', 'Cobre', 0, 0),
	(263, 63, 'B', 'Zinc', 0, 0),
	(264, 63, 'C', 'Plomo', 0, 0),
	(265, 63, 'D', 'Aluminio', 1, 0),
	(266, 64, 'A', 'Sistema dentrítico', 1, 0),
	(267, 64, 'B', 'Sistema meandrítico', 0, 0),
	(268, 64, 'C', 'Sistema pluvial', 0, 0),
	(269, 64, 'D', 'Sistema lótico', 0, 0),
	(270, 65, 'A', 'Nazca-Cocos-Rivera', 0, 0),
	(271, 65, 'B', 'Nazca-Caribe-Juan De Fuca', 0, 0),
	(272, 65, 'C', 'Caribe-Rivera-Cocos', 1, 0),
	(273, 65, 'D', 'Juan De Fuca-Cocos-Rivera', 0, 0),
	(274, 66, 'A', 'Metamorfismo hidrotermal', 0, 0),
	(275, 66, 'B', 'Metamorfismo regional', 0, 0),
	(276, 66, 'C', 'Metamorfismo de contacto', 1, 0),
	(277, 66, 'D', 'Metamorfismo local', 0, 0),
	(278, 67, 'A', 'Historia de Subsidencia', 0, 0),
	(279, 67, 'B', 'Arquitectura Estratigráfica', 0, 0),
	(280, 67, 'C', 'Evolución Paleo-geográfica	', 0, 0),
	(281, 67, 'D', 'Todas las anteriores', 1, 0),
	(282, 68, 'A', 'Comportamiento térmico', 0, 0),
	(283, 68, 'B', 'Extensión y fallamiento', 0, 0),
	(284, 68, 'C', 'Eustatismo', 1, 0),
	(285, 68, 'D', 'Flexión de la litosfera', 0, 0),
	(286, 69, 'A', 'FALSO', 0, 0),
	(287, 69, 'B', 'VERDADERO', 1, 0),
	(288, 70, 'A', 'Orogenia Caledania', 0, 0),
	(289, 70, 'B', 'Orogenia Cascadiana', 0, 0),
	(290, 70, 'C', 'Orogenia Laramide', 1, 0),
	(291, 70, 'D', 'Orogenia Alpina', 0, 0),
	(292, 71, 'A', 'Límite K-T', 1, 0),
	(293, 71, 'B', 'Límite P-T', 0, 0),
	(294, 71, 'C', 'Límite J-K', 0, 0),
	(295, 71, 'D', 'Límite T-C', 0, 0),
	(296, 72, 'A', 'Hidrógeno', 0, 0),
	(297, 72, 'B', 'Nitrógeno', 0, 0),
	(298, 72, 'C', 'Oxigeno', 1, 0),
	(299, 72, 'D', 'Carbono', 0, 0),
	(300, 73, 'A', '55 a 66 +/- 5 ma', 0, 0),
	(301, 73, 'B', '213 a 248 +/- 5 ma', 0, 0),
	(302, 73, 'C', '145 a 213 +/- 5 ma', 0, 0),
	(303, 73, 'D', '66 a 145 +/- 5 ma', 1, 0),
	(304, 74, 'A', 'FALSO', 0, 0),
	(305, 74, 'B', 'VERDADERO', 1, 0),
	(306, 75, 'A', 'Biotita', 0, 0),
	(307, 75, 'B', 'Calcita', 0, 0),
	(308, 75, 'C', 'Galena', 0, 0),
	(309, 75, 'D', 'Magnetita', 1, 0),
	(310, 76, 'A', 'Aceite	', 1, 0),
	(311, 76, 'B', 'Agua', 0, 0),
	(312, 76, 'C', 'Sal', 0, 0),
	(313, 76, 'D', 'Gas', 0, 0),
	(314, 77, 'A', '1', 0, 0),
	(315, 77, 'B', '2', 0, 0),
	(316, 77, 'C', '3', 1, 0),
	(317, 77, 'D', '4', 0, 0),
	(318, 78, 'A', 'Catastrofismo', 0, 0),
	(319, 78, 'B', 'Actualismo', 0, 0),
	(320, 78, 'C', 'Uniformismo', 1, 0),
	(321, 78, 'D', 'Dadaísmo', 0, 0),
	(322, 79, 'A', 'Lagunar', 1, 0),
	(323, 79, 'B', 'Marino somero', 0, 0),
	(324, 79, 'C', 'Deltaico', 0, 0),
	(325, 79, 'D', 'Fluvial', 0, 0),
	(326, 80, 'A', 'Radiolarios', 0, 0),
	(327, 80, 'B', 'Foraminíferos', 1, 0),
	(328, 80, 'C', 'Ostrácodos', 0, 0),
	(329, 80, 'D', 'Conodóntos', 0, 0),
	(330, 81, 'A', 'Quelicerados', 0, 0),
	(331, 81, 'B', 'Trilobites', 1, 0),
	(332, 81, 'C', 'Mandibulados', 0, 0),
	(333, 81, 'D', 'Amonitas', 0, 0),
	(334, 82, 'A', 'Biología', 0, 0),
	(335, 82, 'B', 'Bioestratigrafía', 0, 0),
	(336, 82, 'C', 'Paleontología', 0, 0),
	(337, 82, 'D', 'Palinología', 1, 0),
	(338, 83, 'A', 'Lateral', 0, 0),
	(339, 83, 'B', 'Tijera', 0, 0),
	(340, 83, 'C', 'Lístrica', 1, 0),
	(341, 83, 'D', 'Normal', 0, 0),
	(342, 84, 'A', 'Local', 0, 0),
	(343, 84, 'B', 'Compresional', 1, 0),
	(344, 84, 'C', 'Extensional', 0, 0),
	(345, 84, 'D', 'Transcurrentes', 0, 0),
	(346, 85, 'A', 'Asimétrico', 0, 0),
	(347, 85, 'B', 'Rollover', 1, 0),
	(348, 85, 'C', 'Kink', 0, 0),
	(349, 85, 'D', 'Caja', 0, 0),
	(350, 86, 'A', 'Llanuras de inundación ', 0, 0),
	(351, 86, 'B', 'Abanicos Aluviales ', 1, 0),
	(352, 86, 'C', 'Ambientes neríticos', 0, 0),
	(353, 86, 'D', 'Dunas', 0, 0),
	(354, 87, 'A', 'Caliza', 0, 0),
	(355, 87, 'B', 'Conglomerado', 1, 0),
	(356, 87, 'C', 'Yeso', 0, 0),
	(357, 87, 'D', 'Dolomía', 0, 0),
	(358, 88, 'A', 'Grainstone', 0, 0),
	(359, 88, 'B', 'Mudstone', 1, 0),
	(360, 88, 'C', 'Wackestone', 0, 0),
	(361, 88, 'D', 'Packstone', 0, 0),
	(362, 89, 'A', 'Era', 0, 0),
	(363, 89, 'B', 'Piso', 1, 0),
	(364, 89, 'C', 'Serie', 0, 0),
	(365, 89, 'D', 'Sistema', 0, 0),
	(366, 90, 'A', 'Intemperismo', 0, 0),
	(367, 90, 'B', 'Erosión', 1, 0),
	(368, 90, 'C', 'Transporte', 0, 0),
	(369, 90, 'D', 'Depósito', 0, 0),
	(370, 91, 'A', 'Ley de Poisson', 0, 0),
	(371, 91, 'B', 'Ley de Darcy', 1, 0),
	(372, 91, 'C', 'Ley de Boyle', 0, 0),
	(373, 91, 'D', 'Ley de Neumann', 0, 0),
	(374, 92, 'A', 'Limite divergente', 0, 0),
	(375, 92, 'B', 'Subducción', 0, 0),
	(376, 92, 'C', 'Margen pasivo	', 1, 0),
	(377, 92, 'D', 'Margen activo', 0, 0),
	(378, 93, 'A', 'Materiales incompetentes', 0, 0),
	(379, 93, 'B', 'Materiales sintéticos', 0, 0),
	(380, 93, 'C', 'Materiales porosos', 0, 0),
	(381, 93, 'D', 'Materiales competentes', 1, 0),
	(382, 94, 'A', 'Ígneas', 1, 0),
	(383, 94, 'B', 'Metamórficas', 0, 0),
	(384, 94, 'C', 'Sedimentarias', 0, 0),
	(385, 94, 'D', 'Siliciclásticas', 0, 0),
	(386, 95, 'A', 'Rodinia', 1, 0),
	(387, 95, 'B', 'Gondwana', 0, 0),
	(388, 95, 'C', 'Laurasia', 0, 0),
	(389, 95, 'D', 'Pangea', 0, 0),
	(390, 96, 'A', 'Mesozoico', 1, 0),
	(391, 96, 'B', 'Paleozoico', 0, 0),
	(392, 96, 'C', 'Cenozoico', 0, 0),
	(393, 96, 'D', 'Proterozoica', 0, 0),
	(394, 97, 'A', 'África', 0, 0),
	(395, 97, 'B', 'Asia', 0, 0),
	(396, 97, 'C', 'Norteamérica', 1, 0),
	(397, 97, 'D', 'Sudamérica', 0, 0),
	(398, 98, 'A', 'Ordovícico	', 0, 0),
	(399, 98, 'B', 'Cretácico', 0, 0),
	(400, 98, 'C', 'Pérmico', 1, 0),
	(401, 98, 'D', 'Triásico', 0, 0),
	(402, 99, 'A', 'FALSO', 0, 0),
	(403, 99, 'B', 'VERDADERO', 1, 0),
	(404, 100, 'A', 'Jean-Baptiste de Lamarck', 0, 0),
	(405, 100, 'B', 'Charles Robert Darwin', 0, 0),
	(406, 100, 'C', 'William Smith', 1, 0),
	(407, 100, 'D', 'Alexandre Brogniart', 0, 0),
	(408, 101, 'A', 'Diagénesis', 0, 0),
	(409, 101, 'B', 'Sedimentación', 0, 0),
	(410, 101, 'C', 'Intemperismo', 0, 0),
	(411, 101, 'D', 'Litificación', 1, 0),
	(412, 102, 'A', 'Cuenca', 1, 0),
	(413, 102, 'B', 'Sinclinal', 0, 0),
	(414, 102, 'C', 'Cuenca intracratónica	', 0, 0),
	(415, 102, 'D', 'Geosinclinal', 0, 0),
	(416, 103, 'A', 'Lístrica', 0, 0),
	(417, 103, 'B', 'Falla de crecimiento', 1, 0),
	(418, 103, 'C', 'Tijera', 0, 0),
	(419, 103, 'D', 'Normal', 0, 0),
	(420, 104, 'A', 'FALSO	', 1, 0),
	(421, 104, 'B', 'VERDADERO', 0, 0),
	(422, 105, 'A', 'Inversa', 1, 0),
	(423, 105, 'B', 'Normal', 0, 0),
	(424, 105, 'C', 'Transcurrentes', 0, 0),
	(425, 105, 'D', 'Lístricas', 0, 0),
	(426, 106, 'A', 'FALSO', 1, 0),
	(427, 106, 'B', 'VERDADERO', 0, 0),
	(428, 107, 'A', 'FALSO', 1, 0),
	(429, 107, 'B', 'VERDADERO', 0, 0),
	(430, 108, 'A', 'Mesosfera', 0, 0),
	(431, 108, 'B', 'Litosfera', 1, 0),
	(432, 108, 'C', 'Troposfera', 0, 0),
	(433, 108, 'D', 'Criosfera', 0, 0),
	(434, 109, 'A', 'FALSO', 0, 0),
	(435, 109, 'B', 'VERDADERO', 1, 0),
	(436, 110, 'A', 'Canopy toldo de sal', 1, 0),
	(437, 110, 'B', 'Diapiro', 0, 0),
	(438, 110, 'C', 'Cuña salina', 0, 0),
	(439, 110, 'D', 'Domo', 0, 0),
	(440, 111, 'A', 'FALSO', 1, 0),
	(441, 111, 'B', 'VERDADERO', 0, 0),
	(442, 112, 'A', 'FALSO', 0, 0),
	(443, 112, 'B', 'VERDADERO', 1, 0),
	(444, 113, 'A', 'Catagenesis', 0, 0),
	(445, 113, 'B', 'Diagénesis', 1, 0),
	(446, 113, 'C', 'Metagénesis', 0, 0),
	(447, 113, 'D', 'Sedimentación', 0, 0),
	(448, 114, 'A', 'Lodolita', 0, 0),
	(449, 114, 'B', 'Limolitas	', 1, 0),
	(450, 114, 'C', 'Guijarro', 0, 0),
	(451, 114, 'D', 'Litarenita', 0, 0),
	(452, 115, 'A', 'Wacka de cuarzo', 0, 0),
	(453, 115, 'B', 'Wacka lítica', 1, 0),
	(454, 115, 'C', 'Wacka feldespatica', 0, 0),
	(455, 115, 'D', 'Grauvaca', 0, 0),
	(456, 116, 'A', 'Hierro', 0, 0),
	(457, 116, 'B', 'Oxigeno', 1, 0),
	(458, 116, 'C', 'Magnesio', 0, 0),
	(459, 116, 'D', 'Calcio', 0, 0),
	(460, 117, 'A', 'Mineralización', 0, 0),
	(461, 117, 'B', 'Exfoliación', 0, 0),
	(462, 117, 'C', 'Cristalogénesis', 1, 0),
	(463, 117, 'D', 'Concreción', 0, 0),
	(464, 118, 'A', 'FALSO', 1, 0),
	(465, 118, 'B', 'VERDADERO', 0, 0),
	(466, 119, 'A', 'FALSO', 0, 0),
	(467, 119, 'B', 'VERDADERO', 1, 0),
	(468, 120, 'A', 'FALSO', 1, 0),
	(469, 120, 'B', 'VERDADERO', 0, 0),
	(684, 121, 'A', 'Tubería de Perforación', 0, 0),
	(685, 121, 'B', 'Tubería de Revestimiento', 1, 0),
	(686, 121, 'C', 'Tubería de Producción', 0, 0),
	(687, 121, 'D', 'Tubería de Ademe', 0, 0),
	(688, 122, 'A', 'FALSO', 0, 0),
	(689, 122, 'B', 'VERDADERO', 1, 0),
	(690, 123, 'A', 'Aceite Ligero', 1, 0),
	(691, 123, 'B', 'Aceite Pesado', 0, 0),
	(692, 123, 'C', 'Aceite superligero', 0, 0),
	(693, 123, 'D', 'Aceite extrapesado', 0, 0),
	(694, 124, 'A', 'Aceite Ligero', 0, 0),
	(695, 124, 'B', 'Aceite Pesado', 1, 0),
	(696, 124, 'C', 'Aceite superligero', 0, 0),
	(697, 124, 'D', 'Aceite extrapesado', 0, 0),
	(698, 125, 'A', 'Aceite Ligero', 0, 0),
	(699, 125, 'B', 'Aceite Pesado', 0, 0),
	(700, 125, 'C', 'Aceite superligero', 1, 0),
	(701, 125, 'D', 'Aceite extrapesado', 0, 0),
	(702, 126, 'A', 'Gas asociado', 1, 0),
	(703, 126, 'B', 'Gas húmedo', 0, 0),
	(704, 126, 'C', 'Gas natural', 0, 0),
	(705, 126, 'D', 'Gas seco', 0, 0),
	(706, 127, 'A', 'Identificación de rocas', 0, 0),
	(707, 127, 'B', 'Profundidad del pozo', 0, 0),
	(708, 127, 'C', 'Detección de presiones anormales', 1, 0),
	(709, 127, 'D', 'Clasificación de fósiles', 0, 0),
	(710, 128, 'A', 'FALSO', 1, 0),
	(711, 128, 'B', 'VERDADERO', 0, 0),
	(712, 129, 'A', 'FALSO', 0, 0),
	(713, 129, 'B', 'VERDADERO', 1, 0),
	(714, 130, 'A', 'El sistema de terminación de pozos', 1, 0),
	(715, 130, 'B', 'El Yacimiento', 0, 0),
	(716, 130, 'C', 'Los Ductos', 0, 0),
	(717, 130, 'D', 'El espacio anular', 0, 0),
	(718, 131, 'A', 'Válvulas', 0, 0),
	(719, 131, 'B', 'Preventores', 1, 0),
	(720, 131, 'C', 'Kelly', 0, 0),
	(721, 131, 'D', 'Sarta', 0, 0),
	(722, 132, 'A', 'Pozos de Producción', 0, 0),
	(723, 132, 'B', 'Pozos de Desarrollo', 0, 0),
	(724, 132, 'C', 'Pozos Marinos', 0, 0),
	(725, 132, 'D', 'Pozos Fluyentes', 1, 0),
	(726, 133, 'A', 'Malacate', 0, 0),
	(727, 133, 'B', 'Zaranda', 1, 0),
	(728, 133, 'C', 'Sarta', 0, 0),
	(729, 133, 'D', 'Barrena', 0, 0),
	(730, 134, 'A', 'Aislar', 0, 0),
	(731, 134, 'B', 'Mojar', 0, 0),
	(732, 134, 'C', 'Taponar', 1, 0),
	(733, 134, 'D', 'Limpiar', 0, 0),
	(734, 135, 'A', 'FALSO', 1, 0),
	(735, 135, 'B', 'VERDADERO', 0, 0),
	(736, 136, 'A', 'Protección mecánica', 0, 0),
	(737, 136, 'B', 'Esmaltado', 0, 0),
	(738, 136, 'C', 'Fibra de vidrio', 0, 0),
	(739, 136, 'D', 'Protección catódica', 1, 0),
	(740, 137, 'A', 'Detección de gas', 0, 0),
	(741, 137, 'B', 'Análisis de arenamiento', 1, 0),
	(742, 137, 'C', 'Detección de aceite', 0, 0),
	(743, 137, 'D', 'Sismograma sintético', 0, 0),
	(744, 138, 'A', 'Viscosidad Aparente', 1, 0),
	(745, 138, 'B', 'Viscosidad Cinética', 0, 0),
	(746, 138, 'C', 'Viscosidad Plástica', 0, 0),
	(747, 138, 'D', 'Viscosidad Efectiva', 0, 0),
	(748, 139, 'A', 'FALSO', 1, 0),
	(749, 139, 'B', 'VERDADERO', 0, 0),
	(750, 140, 'A', '90, 000 psi', 0, 0),
	(751, 140, 'B', '110, 000 kg/cm2', 0, 0),
	(752, 140, 'C', '110,000 psi', 1, 0),
	(753, 140, 'D', '110, 000 bars', 0, 0),
	(754, 141, 'A', 'Ecuación de Barlow', 1, 0),
	(755, 141, 'B', 'Ecuación de Eaton', 0, 0),
	(756, 141, 'C', 'Ecuación de Young', 0, 0),
	(757, 141, 'D', 'Ecuación de Poisson', 0, 0),
	(758, 142, 'A', 'FALSO', 0, 0),
	(759, 142, 'B', 'VERDADERO', 1, 0),
	(760, 143, 'A', 'FALSO', 0, 0),
	(761, 143, 'B', 'VERDADERO', 1, 0),
	(762, 144, 'A', 'Flujo burbuja, ondulado, bache y laminado. ', 0, 0),
	(763, 144, 'B', 'Flujo bache, anular, laminado y niebla.', 0, 0),
	(764, 144, 'C', 'Flujo niebla, anular y  ondulad.', 0, 0),
	(765, 144, 'D', 'Flujo burbuja, bache, anular y niebla. ', 1, 0),
	(766, 145, 'A', 'De Arnold', 1, 0),
	(767, 145, 'B', 'De Stock', 0, 0),
	(768, 145, 'C', 'De Sauders-Brown', 0, 0),
	(769, 145, 'D', 'De Watkins', 0, 0),
	(770, 146, 'A', 'Fuerza Centrífuga', 0, 0),
	(771, 146, 'B', 'Presión diferencial', 1, 0),
	(772, 146, 'C', 'Desplazamiento Positivo', 0, 0),
	(773, 146, 'D', 'Fuerza Coriolis', 0, 0),
	(774, 147, 'A', 'Colas Tanque', 0, 0),
	(775, 147, 'B', 'Recuperación Secundaria', 0, 0),
	(776, 147, 'C', 'Sistemas artificiales', 1, 0),
	(777, 147, 'D', 'Terminaciones Inteligentes', 0, 0),
	(778, 148, 'A', 'Capacidad de Flujo', 0, 0),
	(779, 148, 'B', 'Saturación Crítica', 0, 0),
	(780, 148, 'C', 'Penetración Parcial', 0, 0),
	(781, 148, 'D', 'Índice de productividad', 1, 0),
	(782, 149, 'A', 'Exponencial', 0, 0),
	(783, 149, 'B', 'Hiperbólica', 0, 0),
	(784, 149, 'C', 'Harmónica', 1, 0),
	(785, 149, 'D', 'Lineal', 0, 0),
	(786, 150, 'A', 'Impulsor', 0, 0),
	(787, 150, 'B', 'Rotor', 0, 0),
	(788, 150, 'C', 'Varilla', 0, 0),
	(789, 150, 'D', 'Estator', 1, 0),
	(790, 151, 'A', 'Metano', 1, 0),
	(791, 151, 'B', 'Heptano', 0, 0),
	(792, 151, 'C', 'Propano', 0, 0),
	(793, 151, 'D', 'Etano', 0, 0),
	(794, 152, 'A', 'Benceno, Nafteno y Tolueno', 0, 0),
	(795, 152, 'B', 'Benceno, Tolueno, Xileno', 1, 0),
	(796, 152, 'C', 'Fenantreno, Xileno y Nafteno.', 0, 0),
	(797, 152, 'D', 'Tolueno, Ortoxileno y Benceno. ', 0, 0),
	(798, 153, 'A', 'Mc Cain & Mohammad', 0, 0),
	(799, 153, 'B', 'Duns, Ros & Orkizewsky.', 0, 0),
	(800, 153, 'C', 'Matthews-Brons-Hazebroek', 1, 0),
	(801, 153, 'D', 'Voguel, Standing & Fetkovich.', 0, 0),
	(802, 154, 'A', 'Ley de Darcy', 0, 0),
	(803, 154, 'B', 'Efecto de Gas natural', 0, 0),
	(804, 154, 'C', 'Ley de Stokes', 0, 0),
	(805, 154, 'D', 'Efecto Klinkenberg', 1, 0),
	(806, 155, 'A', 'Permeabilidad/Viscosidad', 0, 0),
	(807, 155, 'B', 'Permeabilidad*Espesor', 1, 0),
	(808, 155, 'C', 'Permeabilidad/Espesor', 0, 0),
	(809, 155, 'D', 'Permeabilidad*Viscosidad', 0, 0),
	(810, 156, 'A', 'Método MDH - Línea Recta', 0, 0),
	(811, 156, 'B', 'Gráfico de Horner - Línea Recta', 0, 0),
	(812, 156, 'C', 'Curva Tipo', 1, 0),
	(813, 156, 'D', 'Función Derivada de Bourdet', 0, 0),
	(814, 157, 'A', 'Ecuación de flujo fraccional', 1, 0),
	(815, 157, 'B', 'Ecuación de Avance Frontal', 0, 0),
	(816, 157, 'C', 'Ecuación de Flujo Parcial', 0, 0),
	(817, 157, 'D', 'Ecuación de Avance Parcial', 0, 0),
	(818, 158, 'A', '1', 0, 0),
	(819, 158, 'B', '0', 1, 0),
	(820, 158, 'C', '10', 0, 0),
	(821, 158, 'D', '45°', 0, 0),
	(822, 159, 'A', 'Agarwal', 0, 0),
	(823, 159, 'B', 'Fetkovich', 0, 0),
	(824, 159, 'C', 'Carter-Tracy', 0, 0),
	(825, 159, 'D', 'Van Everdingen & Hurst', 1, 0),
	(826, 160, 'A', 'Método del mínimo esfuerzo', 0, 0),
	(827, 160, 'B', 'Método de dirección del pozo', 0, 0),
	(828, 160, 'C', 'Método de la pata de perro', 0, 0),
	(829, 160, 'D', 'Método de mínima curvatura', 1, 0),
	(830, 161, 'A', 'FALSO', 1, 0),
	(831, 161, 'B', 'VERDADERO', 0, 0),
	(832, 162, 'A', 'Reservas Técnicas', 0, 0),
	(833, 162, 'B', 'Reserva de Hidrocarburos', 1, 0),
	(834, 162, 'C', 'Reservas Estratégicas', 0, 0),
	(835, 162, 'D', 'Reservas 1P', 0, 0),
	(836, 163, 'A', 'Factor Volumétrico del Aceite', 0, 0),
	(837, 163, 'B', 'Relación Gas Aceite Producido', 0, 0),
	(838, 163, 'C', 'Factor de Recuperación de Aceite', 1, 0),
	(839, 163, 'D', 'Pronostico de Producción', 0, 0),
	(840, 164, 'A', 'Análisis Cromatográfico', 0, 0),
	(841, 164, 'B', 'Análisis PVT', 0, 0),
	(842, 164, 'C', 'Análisis de Fluidos', 0, 0),
	(843, 164, 'D', 'Diagramas de Fase', 1, 0),
	(844, 165, 'A', 'Saturación Irreductible', 0, 0),
	(845, 165, 'B', 'Saturación Crítica', 1, 0),
	(846, 165, 'C', 'Saturación Bifásica', 0, 0),
	(847, 165, 'D', 'Saturación Mojante', 0, 0),
	(848, 166, 'A', 'Saturación Critica', 0, 0),
	(849, 166, 'B', 'Saturación Móvil', 0, 0),
	(850, 166, 'C', 'Saturación Residual', 1, 0),
	(851, 166, 'D', 'Saturación Inicial', 0, 0),
	(852, 167, 'A', 'Factor volumétrico del aceite', 0, 0),
	(853, 167, 'B', 'Factor de presión volumétrico', 0, 0),
	(854, 167, 'C', 'Encogimiento dl fluido', 0, 0),
	(855, 167, 'D', 'Compresibilidad de un fluido', 1, 0),
	(856, 168, 'A', 'Punto critico', 0, 0),
	(857, 168, 'B', 'Cricondenbar', 1, 0),
	(858, 168, 'C', 'Punto triple', 0, 0),
	(859, 168, 'D', 'Cricondentérmica', 0, 0),
	(860, 169, 'A', 'FALSO', 1, 0),
	(861, 169, 'B', 'VERDADERO', 0, 0),
	(862, 170, 'A', 'Invasión de lodo', 0, 0),
	(863, 170, 'B', 'Zonas ladronas', 0, 0),
	(864, 170, 'C', 'Pérdidas de circulación ', 1, 0),
	(865, 170, 'D', 'Ruptura del cono de agua', 0, 0),
	(866, 171, 'A', 'Reparación menor', 0, 0),
	(867, 171, 'B', 'Reparación mayor', 0, 0),
	(868, 171, 'C', 'Colocación de tapón', 0, 0),
	(869, 171, 'D', 'Cementación forzada', 1, 0),
	(870, 172, 'A', 'Disparos de Pozos ', 1, 0),
	(871, 172, 'B', 'Colocación de empacadores', 0, 0),
	(872, 172, 'C', 'Corrida de registros ', 0, 0),
	(873, 172, 'D', 'Arrancar el pozo', 0, 0),
	(874, 173, 'A', 'Cementación Forzada', 0, 0),
	(875, 173, 'B', 'Terminación de Pozos ', 1, 0),
	(876, 173, 'C', 'Limpieza del Pozo', 0, 0),
	(877, 173, 'D', 'Corrida de Registros', 0, 0),
	(878, 174, 'A', 'Curva de Burbujeo', 0, 0),
	(879, 174, 'B', 'Punto Cricondebarico', 0, 0),
	(880, 174, 'C', 'Curva de Rocío', 1, 0),
	(881, 174, 'D', 'Punto Cricondentérmico', 0, 0),
	(882, 175, 'A', 'Punto Triple', 0, 0),
	(883, 175, 'B', 'Estado Isentrópico', 0, 0),
	(884, 175, 'C', 'Estado Neutro', 0, 0),
	(885, 175, 'D', 'Punto Crítico', 1, 0),
	(886, 176, 'A', 'Por Segregación Gravitacional', 1, 0),
	(887, 176, 'B', 'Por Columna Hidroestática', 0, 0),
	(888, 176, 'C', 'Por Presión Osmótica', 0, 0),
	(889, 176, 'D', 'Por Empuje por Densidades', 0, 0),
	(890, 177, 'A', 'FALSO', 0, 0),
	(891, 177, 'B', 'VERDADERO', 1, 0),
	(892, 178, 'A', 'FALSO', 0, 0),
	(893, 178, 'B', 'VERDADERO', 1, 0),
	(894, 179, 'A', 'FALSO', 0, 0),
	(895, 179, 'B', 'VERDADERO', 1, 0),
	(896, 180, 'A', 'FALSO', 1, 0),
	(897, 180, 'B', 'VERDADERO', 0, 0),
	(898, 181, 'A', 'Sísmica 3D', 0, 0),
	(899, 181, 'B', 'Sísmica 3C', 0, 0),
	(900, 181, 'C', 'Sísmica 4D', 1, 0),
	(901, 181, 'D', 'Sísmica 9C', 0, 0),
	(902, 182, 'A', 'Gravimetría', 0, 0),
	(903, 182, 'B', 'Geología superficial', 0, 0),
	(904, 182, 'C', 'Magnetometría', 1, 0),
	(905, 182, 'D', 'Geología de subsuelo', 0, 0),
	(906, 183, 'A', 'Geoquímica', 1, 0),
	(907, 183, 'B', 'Estratigrafía', 0, 0),
	(908, 183, 'C', 'Paleontología', 0, 0),
	(909, 183, 'D', 'Geotectónica ', 0, 0),
	(910, 184, 'A', 'Cuarzo', 0, 0),
	(911, 184, 'B', 'Bentonita', 1, 0),
	(912, 184, 'C', 'Dolomita ', 0, 0),
	(913, 184, 'D', 'Calcita', 0, 0),
	(914, 185, 'A', 'Metagénesis', 0, 0),
	(915, 185, 'B', 'Catagénesis', 1, 0),
	(916, 185, 'C', 'Diagénesis', 0, 0),
	(917, 185, 'D', 'Biogénesis', 0, 0),
	(918, 186, 'A', 'La corteza y el manto', 0, 0),
	(919, 186, 'B', 'El manto y el núcleo', 1, 0),
	(920, 186, 'C', 'Dentro de la corteza', 0, 0),
	(921, 186, 'D', 'Dentro del núcleo', 0, 0),
	(922, 187, 'A', 'Lípidos y lignitos', 1, 0),
	(923, 187, 'B', 'Benceno, sulfuros ', 0, 0),
	(924, 187, 'C', 'Kerógeno y bitumen', 0, 0),
	(925, 187, 'D', 'Grasas y azucares ', 0, 0),
	(926, 188, 'A', 'Bitumen', 0, 0),
	(927, 188, 'B', 'Carbón', 0, 0),
	(928, 188, 'C', 'Benceno', 0, 0),
	(929, 188, 'D', 'Kerógeno ', 1, 0),
	(930, 189, 'A', 'Dow y O’Conor ', 0, 0),
	(931, 189, 'B', 'Tissot y Welte ', 1, 0),
	(932, 189, 'C', 'Van Krevelen ', 0, 0),
	(933, 189, 'D', 'Taoist', 0, 0),
	(934, 190, 'A', 'Teórica', 0, 0),
	(935, 190, 'B', 'Determinística', 1, 0),
	(936, 190, 'C', 'Gaussiana', 0, 0),
	(937, 190, 'D', 'Estadística', 0, 0),
	(938, 191, 'A', 'Probabilística', 0, 0),
	(939, 191, 'B', 'Estocástica', 0, 0),
	(940, 191, 'C', 'Determinística', 1, 0),
	(941, 191, 'D', 'Geométrica', 0, 0),
	(942, 192, 'A', 'Polo Norte', 0, 0),
	(943, 192, 'B', 'Polo Sur', 0, 0),
	(944, 192, 'C', 'Los dos anteriores', 0, 0),
	(945, 192, 'D', 'Ecuador', 1, 0),
	(946, 193, 'A', 'Sabinas', 0, 0),
	(947, 193, 'B', 'Burgos', 0, 0),
	(948, 193, 'C', 'Eagle Ford', 0, 0),
	(949, 193, 'D', 'Ninguna de las anteriores', 1, 0),
	(950, 194, 'A', '1936', 0, 0),
	(951, 194, 'B', '1937', 0, 0),
	(952, 194, 'C', '1938', 1, 0),
	(953, 194, 'D', '1939', 0, 0),
	(954, 195, 'A', 'Gravimétrico', 0, 0),
	(955, 195, 'B', 'Magnetométrico', 0, 0),
	(956, 195, 'C', 'Sismológico', 1, 0),
	(957, 195, 'D', 'Electromagnético', 0, 0),
	(958, 196, 'A', '1900 Km', 0, 0),
	(959, 196, 'B', '2900 Km', 1, 0),
	(960, 196, 'C', '3900 Km', 0, 0),
	(961, 196, 'D', '4900 Km', 0, 0),
	(962, 197, 'A', 'Ecuación de Wyllie', 0, 0),
	(963, 197, 'B', 'Ecuación de Castagna', 0, 0),
	(964, 197, 'C', 'Ecuación de saturación', 0, 0),
	(965, 197, 'D', 'Ecuación de Archie', 1, 0),
	(966, 198, 'A', 'Cretácico Inferior', 0, 0),
	(967, 198, 'B', 'Jurásico Superior', 0, 0),
	(968, 198, 'C', 'Cretácico Medio', 0, 0),
	(969, 198, 'D', 'Cretácico Superior', 1, 0),
	(970, 199, 'A', 'Calizas', 0, 0),
	(971, 199, 'B', 'Dolomías', 0, 0),
	(972, 199, 'C', 'Lutitas', 1, 0),
	(973, 199, 'D', 'Arenas', 0, 0),
	(974, 200, 'A', 'Una localización', 0, 0),
	(975, 200, 'B', 'Un objetivo exploratorio', 1, 0),
	(976, 200, 'C', 'Una estrategia', 0, 0),
	(977, 200, 'D', 'Una perforación de un pozo', 0, 0),
	(978, 201, 'A', 'Estratigráficas', 0, 0),
	(979, 201, 'B', 'Sedimentológicas', 0, 0),
	(980, 201, 'C', 'Geométricas', 1, 0),
	(981, 201, 'D', 'Geoquímicas', 0, 0),
	(982, 202, 'A', 'Desarrollar', 0, 0),
	(983, 202, 'B', 'Perforar', 1, 0),
	(984, 202, 'C', 'Evaluar', 0, 0),
	(985, 202, 'D', 'Explorar', 0, 0),
	(986, 203, 'A', 'Densidad', 0, 0),
	(987, 203, 'B', 'Sónico', 1, 0),
	(988, 203, 'C', 'Resistivo', 0, 0),
	(989, 203, 'D', 'Rayos Gama', 0, 0),
	(990, 204, 'A', 'Químicas', 0, 0),
	(991, 204, 'B', 'Biológicas', 0, 0),
	(992, 204, 'C', 'Físicas', 1, 0),
	(993, 204, 'D', 'Mineralógicas', 0, 0),
	(994, 205, 'A', 'DLL', 1, 0),
	(995, 205, 'B', 'DIT', 0, 0),
	(996, 205, 'C', 'AIT', 0, 0),
	(997, 205, 'D', 'UBI', 0, 0),
	(998, 206, 'A', 'Stoneley', 1, 0),
	(999, 206, 'B', 'Cizalla', 0, 0),
	(1000, 206, 'C', 'Compresional', 0, 0),
	(1001, 206, 'D', 'Transversal', 0, 0),
	(1002, 207, 'A', 'Gas', 0, 0),
	(1003, 207, 'B', 'Petróleo', 1, 0),
	(1004, 207, 'C', 'Roca', 0, 0),
	(1005, 207, 'D', 'Aceite', 0, 0),
	(1006, 208, 'A', 'Paleocañón de Chicontepec', 0, 0),
	(1007, 208, 'B', 'Tampico Misantla', 1, 0),
	(1008, 208, 'C', 'Burgos', 0, 0),
	(1009, 208, 'D', 'Veracruz', 0, 0),
	(1010, 209, 'A', 'Cobalto y Cobre', 0, 0),
	(1011, 209, 'B', 'Zinc y Hierro', 0, 0),
	(1012, 209, 'C', 'Hierro y Níquel', 1, 0),
	(1013, 209, 'D', 'Níquel y Mercurio', 0, 0),
	(1014, 210, 'A', 'Corteza', 0, 0),
	(1015, 210, 'B', 'Manto', 0, 0),
	(1016, 210, 'C', 'Núcleo Externo', 1, 0),
	(1017, 210, 'D', 'Núcleo Interno', 0, 0),
	(1018, 211, 'A', 'Lehmann', 0, 0),
	(1019, 211, 'B', 'Gutenberg', 0, 0),
	(1020, 211, 'C', 'Mohorovicic', 1, 0),
	(1021, 211, 'D', 'Conrad', 0, 0),
	(1022, 212, 'A', 'Dorsal oceánica', 0, 0),
	(1023, 212, 'B', 'Fosas oceánicas', 1, 0),
	(1024, 212, 'C', 'Rift', 0, 0),
	(1025, 212, 'D', 'Con los tres anteriores', 0, 0),
	(1026, 213, 'A', 'Basalto', 0, 0),
	(1027, 213, 'B', 'Granito', 0, 0),
	(1028, 213, 'C', 'Riolita', 1, 0),
	(1029, 213, 'D', 'Gabro', 0, 0),
	(1030, 214, 'A', 'Oxidación', 0, 0),
	(1031, 214, 'B', 'Gelifracción', 1, 0),
	(1032, 214, 'C', 'Hidrólisis', 0, 0),
	(1033, 214, 'D', 'Carbonatación', 0, 0),
	(1034, 215, 'A', 'Viento', 1, 0),
	(1035, 215, 'B', 'Oleaje', 0, 0),
	(1036, 215, 'C', 'Glaciares', 0, 0),
	(1037, 215, 'D', 'Escorrentía', 0, 0),
	(1038, 216, 'A', 'Superposición', 0, 0),
	(1039, 216, 'B', 'Horizontalidad', 0, 0),
	(1040, 216, 'C', 'Radioactividad', 1, 0),
	(1041, 216, 'D', 'Discordancias', 0, 0),
	(1042, 217, 'A', 'Conrad & Marcel Schlumberger', 1, 0),
	(1043, 217, 'B', 'Conrad & Philippe Schlumberger', 0, 0),
	(1044, 217, 'C', 'Francine & Marcel Schlumberger', 0, 0),
	(1045, 217, 'D', 'Philippe & Francine Schlumberger', 0, 0),
	(1046, 218, 'A', 'Society of American Petroleum', 0, 0),
	(1047, 218, 'B', 'American Petroleum Institute', 1, 0),
	(1048, 218, 'C', 'Society of Petroleum Engineers', 0, 0),
	(1049, 218, 'D', 'American Petroleum Union', 0, 0),
	(1050, 219, 'A', 'Arabia Saudita', 0, 0),
	(1051, 219, 'B', 'Estados Unidos', 0, 0),
	(1052, 219, 'C', 'China', 1, 0),
	(1053, 219, 'D', 'Rusia', 0, 0),
	(1054, 220, 'A', ' Henry Darcy', 1, 0),
	(1055, 220, 'B', 'Maxwell', 0, 0),
	(1056, 220, 'C', 'Ergun', 0, 0),
	(1057, 220, 'D', 'Carman-Kozeny', 0, 0),
	(1058, 221, 'A', 'Biogás', 0, 0),
	(1059, 221, 'B', 'Hidratos de metano', 1, 0),
	(1060, 221, 'C', 'Gas natural licuado', 0, 0),
	(1061, 221, 'D', 'Dióxido de carbono', 0, 0),
	(1062, 222, 'A', 'El Poiseuille', 0, 0),
	(1063, 222, 'B', 'El Darcy', 0, 0),
	(1064, 222, 'C', 'Pascal-segundo', 0, 0),
	(1065, 222, 'D', 'El Centistoke', 1, 0),
	(1066, 223, 'A', 'Permeabilidad', 1, 0),
	(1067, 223, 'B', 'Porosidad', 0, 0),
	(1068, 223, 'C', 'Capilaridad', 0, 0),
	(1069, 223, 'D', 'Adsorción', 0, 0),
	(1070, 224, 'A', 'Geodinámica', 1, 0),
	(1071, 224, 'B', 'Sismotectonica', 0, 0),
	(1072, 224, 'C', 'Geotecnia', 0, 0),
	(1073, 224, 'D', 'Geologia estructural', 0, 0),
	(1074, 225, 'A', 'Roca generadora', 0, 0),
	(1075, 225, 'B', 'Roca sello', 0, 0),
	(1076, 225, 'C', 'Roca almacenadora', 0, 0),
	(1077, 225, 'D', 'Sistema Petrolero', 1, 0),
	(1078, 226, 'A', 'Delimitación de areas', 0, 0),
	(1079, 226, 'B', 'Planeación de proyectos', 0, 0),
	(1080, 226, 'C', 'Caracterización estática', 0, 0),
	(1081, 226, 'D', 'Evaluación de prospectos', 1, 0),
	(1082, 227, 'A', 'Presión de poro', 1, 0),
	(1083, 227, 'B', 'Presión del fluido', 0, 0),
	(1084, 227, 'C', 'Presión de formación', 0, 0),
	(1085, 227, 'D', 'Presión litostática', 0, 0),
	(1086, 228, 'A', 'Gas no asociado', 1, 0),
	(1087, 228, 'B', 'Gas asociado', 0, 0),
	(1088, 228, 'C', 'Gas húmedo', 0, 0),
	(1089, 228, 'D', 'Gas seco', 0, 0),
	(1090, 229, 'A', 'Aceite Pesado', 0, 0),
	(1091, 229, 'B', 'Aceite Ligero', 1, 0),
	(1092, 229, 'C', 'Aceite superligero', 0, 0),
	(1093, 229, 'D', 'Aceite extrapesado', 0, 0),
	(1094, 230, 'A', 'Reservas posibles', 0, 0),
	(1095, 230, 'B', 'Reservas probables', 0, 0),
	(1096, 230, 'C', 'Reservas iniciales', 1, 0),
	(1097, 230, 'D', 'Reservas probadas', 0, 0),
	(1098, 231, 'A', 'Cerro Azul No. 4', 0, 0),
	(1099, 231, 'B', 'Faja de Oro No. 2', 0, 0),
	(1100, 231, 'C', 'Furbero No. 1', 0, 0),
	(1101, 231, 'D', 'La Pez No. 1', 1, 0),
	(1102, 232, 'A', 'Potencial Espontáneo', 0, 0),
	(1103, 232, 'B', 'Neutrón Compensado', 0, 0),
	(1104, 232, 'C', 'Rayos Gamma', 1, 0),
	(1105, 232, 'D', 'Litodensidad', 0, 0),
	(1106, 233, 'A', 'Inducción', 0, 0),
	(1107, 233, 'B', 'Sónico digital', 0, 0),
	(1108, 233, 'C', 'Imágenes de pozo', 0, 0),
	(1109, 233, 'D', 'Pruebas de formación', 1, 0),
	(1110, 234, 'A', 'Presión y Gravedad', 0, 0),
	(1111, 234, 'B', 'Gravedad y Temperatura', 0, 0),
	(1112, 234, 'C', 'Gravedad y Sedimentación', 0, 0),
	(1113, 234, 'D', 'Presión y Temperatura', 1, 0),
	(1114, 235, 'A', 'Cohesión', 0, 0),
	(1115, 235, 'B', 'Dureza', 0, 0),
	(1116, 235, 'C', 'Estructura interna', 1, 0),
	(1117, 235, 'D', 'Conductibilidad ', 0, 0),
	(1118, 236, 'A', 'Granito', 0, 0),
	(1119, 236, 'B', 'Cuarcita', 0, 0),
	(1120, 236, 'C', 'Sílex', 0, 0),
	(1121, 236, 'D', 'Cuarzo', 1, 0),
	(1122, 237, 'A', 'Endosfera ', 0, 0),
	(1123, 237, 'B', 'Mesosfera', 1, 0),
	(1124, 237, 'C', 'Núcleo', 0, 0),
	(1125, 237, 'D', 'Manto', 0, 0),
	(1126, 238, 'A', 'Hulla', 0, 0),
	(1127, 238, 'B', 'Turba', 1, 0),
	(1128, 238, 'C', 'Lignito', 0, 0),
	(1129, 238, 'D', 'Antracita', 0, 0),
	(1130, 239, 'A', 'Hulla', 0, 0),
	(1131, 239, 'B', 'Turba', 0, 0),
	(1132, 239, 'C', 'Lignito', 0, 0),
	(1133, 239, 'D', 'Antracita', 1, 0),
	(1134, 240, 'A', 'Presión Capilar', 1, 0),
	(1135, 240, 'B', 'Presion de Succion', 0, 0),
	(1136, 240, 'C', 'Gradiente de Succion', 0, 0),
	(1137, 240, 'D', 'Gradiente Circulante', 0, 0),
	(1138, 241, 'A', 'Sísmica 3C', 1, 0),
	(1139, 241, 'B', 'Sísmica 3D', 0, 0),
	(1140, 241, 'C', 'Sísmica 2D', 0, 0),
	(1141, 241, 'D', 'VSP', 0, 0),
	(1142, 242, 'A', 'Azimut', 1, 0),
	(1143, 242, 'B', 'Offset máximo', 0, 0),
	(1144, 242, 'C', 'Fold', 0, 0),
	(1145, 242, 'D', 'Distancia entre detectores', 0, 0),
	(1146, 243, 'A', 'WALKAWAY     ', 1, 0),
	(1147, 243, 'B', 'LVSP', 0, 0),
	(1148, 243, 'C', 'WALKABOVE', 0, 0),
	(1149, 243, 'D', 'VSP MASIVO', 0, 0),
	(1150, 244, 'A', 'Bioestratigrafía', 0, 0),
	(1151, 244, 'B', 'Litoestratigrafía', 0, 0),
	(1152, 244, 'C', 'Cronoestratigrafía', 1, 0),
	(1153, 244, 'D', 'Estratigrafía', 0, 0),
	(1154, 245, 'A', 'Kerógeno Tipo II', 0, 0),
	(1155, 245, 'B', 'Kerógeno Tipo I', 1, 0),
	(1156, 245, 'C', 'Kerógeno Tipo III', 0, 0),
	(1157, 245, 'D', 'Kerógeno Tipo IV', 0, 0),
	(1158, 246, 'A', 'Tectónica ignea', 0, 0),
	(1159, 246, 'B', 'Neotectonica', 0, 0),
	(1160, 246, 'C', 'Tectónica salina', 1, 0),
	(1161, 246, 'D', 'Sintectonica', 0, 0),
	(1162, 247, 'A', 'Reservas probadas', 1, 0),
	(1163, 247, 'B', 'Reservas probables', 0, 0),
	(1164, 247, 'C', 'Reservas posibles', 0, 0),
	(1165, 247, 'D', 'Reservas desarrolladas', 0, 0),
	(1166, 248, 'A', 'Reservas probadas', 0, 0),
	(1167, 248, 'B', 'Reservas probables', 1, 0),
	(1168, 248, 'C', 'Reservas posibles', 0, 0),
	(1169, 248, 'D', 'Reservas desarrolladas', 0, 0),
	(1170, 249, 'A', 'reservas probadas', 0, 0),
	(1171, 249, 'B', 'Reservas probables', 0, 0),
	(1172, 249, 'C', 'Reservas posibles', 1, 0),
	(1173, 249, 'D', 'Reservas desarrolladas', 0, 0),
	(1174, 250, 'A', 'Trazador', 1, 0),
	(1175, 250, 'B', 'Agua', 0, 0),
	(1176, 250, 'C', 'Nitrógeno', 0, 0),
	(1177, 250, 'D', 'Vapor', 0, 0);
/*!40000 ALTER TABLE `respuestas` ENABLE KEYS */;

-- Volcando estructura para tabla geollin_concurso_db.rondas
DROP TABLE IF EXISTS `rondas`;
CREATE TABLE IF NOT EXISTS `rondas` (
  `ID_RONDA` int(11) NOT NULL AUTO_INCREMENT,
  `RONDA` varchar(1024) DEFAULT '',
  `ID_ETAPA` int(11) NOT NULL,
  `ALIAS` varchar(128) DEFAULT NULL,
  `IS_DESEMPATE` varchar(128) DEFAULT NULL,
  `CANTIDAD_PREGUNTAS` int(11) DEFAULT '0',
  `PREGUNTAS_POR_CATEGORIA` int(11) DEFAULT '0',
  `TURNOS_PREGUNTA_CONCURSANTE` int(11) DEFAULT '0',
  `SEGUNDOS_POR_PREGUNTA` int(11) DEFAULT '0',
  PRIMARY KEY (`ID_RONDA`),
  KEY `FK_etapaRonda` (`ID_ETAPA`),
  CONSTRAINT `FK_etapaRonda` FOREIGN KEY (`ID_ETAPA`) REFERENCES `etapas_tipo_concurso` (`ID_ETAPA`)
) ENGINE=InnoDB AUTO_INCREMENT=7 DEFAULT CHARSET=utf8;

-- Volcando datos para la tabla geollin_concurso_db.rondas: ~6 rows (aproximadamente)
/*!40000 ALTER TABLE `rondas` DISABLE KEYS */;
INSERT INTO `rondas` (`ID_RONDA`, `RONDA`, `ID_ETAPA`, `ALIAS`, `IS_DESEMPATE`, `CANTIDAD_PREGUNTAS`, `PREGUNTAS_POR_CATEGORIA`, `TURNOS_PREGUNTA_CONCURSANTE`, `SEGUNDOS_POR_PREGUNTA`) VALUES
	(1, 'Primer Ronda Individual', 1, 'ind_primer_ronda', '0', 12, 4, 12, 15),
	(2, 'Segunda Ronda Individual', 1, 'ind_segunda_ronda', '0', 12, 4, 12, 15),
	(3, 'Desempate Etapa Individual', 1, 'ind_desempate', '1', 4, 4, 4, 15),
	(4, 'Primera Ronda Grupal', 2, 'grp_primer_ronda', '0', 4, 4, 4, 15),
	(5, 'Segunda Ronda Grupal', 2, 'grp_segunda_ronda', '0', 4, 4, 4, 15),
	(6, 'Desempate Etapa Grupal', 2, 'grp_desempate', '1', 4, 4, 4, 15);
/*!40000 ALTER TABLE `rondas` ENABLE KEYS */;

-- Volcando estructura para tabla geollin_concurso_db.rondas_log
DROP TABLE IF EXISTS `rondas_log`;
CREATE TABLE IF NOT EXISTS `rondas_log` (
  `ID_LOG` int(11) NOT NULL AUTO_INCREMENT,
  `ID_RONDA` int(11) DEFAULT NULL,
  `ID_CATEGORIA` int(11) DEFAULT '0',
  `ID_CONCURSO` int(11) DEFAULT NULL,
  `INICIO` smallint(1) DEFAULT '0',
  `FIN` smallint(1) DEFAULT '0',
  `NIVEL_EMPATE` int(11) DEFAULT '0',
  PRIMARY KEY (`ID_LOG`),
  KEY `FK_logRonda` (`ID_RONDA`),
  KEY `FK_logConcurso` (`ID_CONCURSO`),
  KEY `fklogCategoria` (`ID_CATEGORIA`),
  CONSTRAINT `FK_logConcurso` FOREIGN KEY (`ID_CONCURSO`) REFERENCES `concursos` (`ID_CONCURSO`),
  CONSTRAINT `FK_logRonda` FOREIGN KEY (`ID_RONDA`) REFERENCES `rondas` (`ID_RONDA`),
  CONSTRAINT `fklogCategoria` FOREIGN KEY (`ID_CATEGORIA`) REFERENCES `categorias` (`ID_CATEGORIA`)
) ENGINE=InnoDB AUTO_INCREMENT=220 DEFAULT CHARSET=utf8;

-- Volcando datos para la tabla geollin_concurso_db.rondas_log: ~11 rows (aproximadamente)
/*!40000 ALTER TABLE `rondas_log` DISABLE KEYS */;
INSERT INTO `rondas_log` (`ID_LOG`, `ID_RONDA`, `ID_CATEGORIA`, `ID_CONCURSO`, `INICIO`, `FIN`, `NIVEL_EMPATE`) VALUES
	(209, 4, 4, 123, 1, 1, 0),
	(210, 5, 4, 123, 1, 0, 0),
	(211, 4, 4, 124, 1, 1, 0),
	(212, 5, 4, 124, 1, 0, 0),
	(213, 4, 4, 125, 1, 1, 0),
	(214, 5, 4, 125, 1, 0, 0),
	(215, 4, 4, 126, 1, 1, 0),
	(216, 5, 4, 126, 1, 1, 0),
	(217, 4, 4, 127, 1, 1, 0),
	(218, 5, 4, 127, 1, 1, 0),
	(219, 6, 4, 127, 1, 1, 1),
	(220, 4, 4, 128, 1, 1, 0),
	(221, 5, 4, 128, 1, 1, 0),
	(222, 4, 4, 129, 1, 0, 0),
	(223, 5, 4, 129, 1, 0, 0),
	(224, 4, 4, 130, 1, 1, 0),
	(225, 5, 4, 130, 1, 0, 0),
	(226, 4, 4, 131, 1, 1, 0),
	(227, 5, 4, 131, 1, 1, 0);
/*!40000 ALTER TABLE `rondas_log` ENABLE KEYS */;

-- Volcando estructura para tabla geollin_concurso_db.tablero_master
DROP TABLE IF EXISTS `tablero_master`;
CREATE TABLE IF NOT EXISTS `tablero_master` (
  `ID_TABLERO_MASTER` int(11) NOT NULL AUTO_INCREMENT,
  `ID_CONCURSO` int(11) DEFAULT NULL,
  `CREADO_EN` datetime DEFAULT CURRENT_TIMESTAMP,
  `CERRADO` smallint(6) DEFAULT '0',
  `POSICIONES_GENERADAS` smallint(2) DEFAULT '0',
  PRIMARY KEY (`ID_TABLERO_MASTER`),
  KEY `fkTpConcurso` (`ID_CONCURSO`),
  CONSTRAINT `fkTpConcurso` FOREIGN KEY (`ID_CONCURSO`) REFERENCES `concursos` (`ID_CONCURSO`)
) ENGINE=InnoDB AUTO_INCREMENT=5 DEFAULT CHARSET=utf8;

-- Volcando datos para la tabla geollin_concurso_db.tablero_master: ~4 rows (aproximadamente)
/*!40000 ALTER TABLE `tablero_master` DISABLE KEYS */;
INSERT INTO `tablero_master` (`ID_TABLERO_MASTER`, `ID_CONCURSO`, `CREADO_EN`, `CERRADO`, `POSICIONES_GENERADAS`) VALUES
	(1, 125, '2018-07-25 11:55:44', 1, 1),
	(2, 126, '2018-07-25 12:29:26', 1, 1),
	(3, 127, '2018-07-25 12:50:53', 1, 1),
	(4, 127, '2018-07-25 13:02:46', 1, 1),
	(5, 128, '2018-07-25 17:36:41', 1, 1),
	(6, 131, '2018-07-25 18:55:22', 1, 1);
/*!40000 ALTER TABLE `tablero_master` ENABLE KEYS */;

-- Volcando estructura para tabla geollin_concurso_db.tablero_pasos
DROP TABLE IF EXISTS `tablero_pasos`;
CREATE TABLE IF NOT EXISTS `tablero_pasos` (
  `ID_TABLERO_PASO` int(11) NOT NULL AUTO_INCREMENT,
  `ID_CONCURSO` int(11) NOT NULL,
  `ID_RONDA` int(11) NOT NULL,
  `ID_CONCURSANTE` int(11) DEFAULT NULL,
  `PREGUNTA_POSICION` int(11) NOT NULL,
  `PREGUNTA` int(11) NOT NULL,
  `RESPUESTA` int(11) DEFAULT NULL,
  `RESPUESTA_CORRECTA` tinyint(1) DEFAULT '0',
  `PUNTAJE` int(11) DEFAULT '0',
  PRIMARY KEY (`ID_TABLERO_PASO`),
  KEY `FK_concursoPaso` (`ID_CONCURSO`),
  KEY `FK_rondaPaso` (`ID_RONDA`),
  KEY `FK_preguntaPaso` (`PREGUNTA`),
  KEY `FK_respuestaPaso` (`RESPUESTA`),
  KEY `ID_CONCURSANTE` (`ID_CONCURSANTE`),
  CONSTRAINT `FK_concursoPaso` FOREIGN KEY (`ID_CONCURSO`) REFERENCES `concursos` (`ID_CONCURSO`),
  CONSTRAINT `FK_pasoConcursante` FOREIGN KEY (`ID_CONCURSANTE`) REFERENCES `concursantes` (`ID_CONCURSANTE`),
  CONSTRAINT `FK_preguntaPaso` FOREIGN KEY (`PREGUNTA`) REFERENCES `preguntas` (`ID_PREGUNTA`),
  CONSTRAINT `FK_respuestaPaso` FOREIGN KEY (`RESPUESTA`) REFERENCES `respuestas` (`ID_RESPUESTA`),
  CONSTRAINT `FK_rondaPaso` FOREIGN KEY (`ID_RONDA`) REFERENCES `rondas` (`ID_RONDA`)
) ENGINE=InnoDB AUTO_INCREMENT=1047 DEFAULT CHARSET=utf8;

-- Volcando datos para la tabla geollin_concurso_db.tablero_pasos: ~7 rows (aproximadamente)
/*!40000 ALTER TABLE `tablero_pasos` DISABLE KEYS */;
INSERT INTO `tablero_pasos` (`ID_TABLERO_PASO`, `ID_CONCURSO`, `ID_RONDA`, `ID_CONCURSANTE`, `PREGUNTA_POSICION`, `PREGUNTA`, `RESPUESTA`, `RESPUESTA_CORRECTA`, `PUNTAJE`) VALUES
	(1040, 125, 5, 265, 6, 224, 1071, 0, -1),
	(1041, 125, 5, 266, 2, 228, NULL, 0, -1),
	(1042, 125, 5, 266, 3, 226, NULL, 0, -2),
	(1043, 125, 5, 266, 4, 200, NULL, 0, 3),
	(1044, 125, 5, 266, 4, 200, 975, 1, 3),
	(1045, 127, 5, 270, 2, 192, 945, 1, 1),
	(1046, 127, 5, 269, 6, 231, 1100, 1, 1),
	(1047, 128, 5, 271, 5, 192, 944, 0, -1),
	(1048, 130, 5, 276, 3, 201, 979, 0, -2),
	(1049, 131, 5, 278, 1, 195, 957, 0, -1),
	(1050, 131, 5, 278, 3, 246, 1161, 0, -2),
	(1051, 131, 5, 277, 8, 189, 931, 1, 3);
/*!40000 ALTER TABLE `tablero_pasos` ENABLE KEYS */;

-- Volcando estructura para tabla geollin_concurso_db.tablero_posiciones
DROP TABLE IF EXISTS `tablero_posiciones`;
CREATE TABLE IF NOT EXISTS `tablero_posiciones` (
  `ID_TABLERO_POSICION` int(11) NOT NULL AUTO_INCREMENT,
  `ID_TABLERO_MASTER` int(11) DEFAULT NULL,
  `ID_CONCURSANTE` int(11) DEFAULT NULL,
  `POSICION` int(11) DEFAULT NULL,
  `PUNTAJE_TOTAL` int(11) DEFAULT NULL,
  `EMPATADO` smallint(2) DEFAULT NULL,
  `POSICION_CAMBIO` smallint(2) DEFAULT '0',
  PRIMARY KEY (`ID_TABLERO_POSICION`),
  KEY `fkTpConcursante` (`ID_CONCURSANTE`),
  KEY `fkTpTableroMaster` (`ID_TABLERO_MASTER`),
  CONSTRAINT `fkTpConcursante` FOREIGN KEY (`ID_CONCURSANTE`) REFERENCES `concursantes` (`ID_CONCURSANTE`),
  CONSTRAINT `fkTpTableroMaster` FOREIGN KEY (`ID_TABLERO_MASTER`) REFERENCES `tablero_master` (`ID_TABLERO_MASTER`)
) ENGINE=InnoDB AUTO_INCREMENT=9 DEFAULT CHARSET=utf8;

-- Volcando datos para la tabla geollin_concurso_db.tablero_posiciones: ~8 rows (aproximadamente)
/*!40000 ALTER TABLE `tablero_posiciones` DISABLE KEYS */;
INSERT INTO `tablero_posiciones` (`ID_TABLERO_POSICION`, `ID_TABLERO_MASTER`, `ID_CONCURSANTE`, `POSICION`, `PUNTAJE_TOTAL`, `EMPATADO`, `POSICION_CAMBIO`) VALUES
	(1, 1, 265, 1, 10, 0, 0),
	(2, 1, 266, 2, 8, 0, 0),
	(3, 2, 267, 1, 5, 0, 0),
	(4, 2, 268, 2, 0, 0, 0),
	(5, 3, 269, 1, 3, 1, 1),
	(6, 3, 270, 1, 3, 1, 1),
	(7, 4, 269, 1, 8, 0, 0),
	(8, 4, 270, 2, 7, 0, 0),
	(9, 5, 271, 1, 5, 0, 0),
	(10, 5, 272, 2, 4, 0, 0),
	(11, 6, 278, 1, 2, 0, 0),
	(12, 6, 277, 2, -4, 0, 0);
/*!40000 ALTER TABLE `tablero_posiciones` ENABLE KEYS */;

-- Volcando estructura para tabla geollin_concurso_db.tablero_puntajes
DROP TABLE IF EXISTS `tablero_puntajes`;
CREATE TABLE IF NOT EXISTS `tablero_puntajes` (
  `ID_TABLERO_PUNTAJE` int(11) NOT NULL AUTO_INCREMENT,
  `ID_CONCURSO` int(11) NOT NULL,
  `ID_RONDA` int(11) NOT NULL,
  `ID_CONCURSANTE` int(11) DEFAULT NULL,
  `PREGUNTA_POSICION` int(11) NOT NULL,
  `PREGUNTA` int(11) NOT NULL,
  `RESPUESTA` int(11) DEFAULT NULL,
  `RESPUESTA_CORRECTA` tinyint(1) DEFAULT '0',
  `PASO_PREGUNTA` tinyint(1) DEFAULT '0',
  `PUNTAJE` int(11) DEFAULT '0',
  `NIVEL_EMPATE` int(11) DEFAULT '0',
  `CONCURSANTE_PASO` int(11) DEFAULT NULL,
  `CONCURSANTE_TOMO` smallint(6) DEFAULT '0',
  PRIMARY KEY (`ID_TABLERO_PUNTAJE`),
  KEY `FK_concursoTablero` (`ID_CONCURSO`),
  KEY `FK_rondaTablero` (`ID_RONDA`),
  KEY `FK_preguntaTablero` (`PREGUNTA`),
  KEY `FK_respuestaTablero` (`RESPUESTA`),
  KEY `ID_CONCURSANTE` (`ID_CONCURSANTE`),
  KEY `FK_concursantePaso` (`CONCURSANTE_PASO`),
  CONSTRAINT `FK_concursantePaso` FOREIGN KEY (`CONCURSANTE_PASO`) REFERENCES `concursantes` (`ID_CONCURSANTE`),
  CONSTRAINT `FK_concursoTablero` FOREIGN KEY (`ID_CONCURSO`) REFERENCES `concursos` (`ID_CONCURSO`),
  CONSTRAINT `FK_preguntaTablero` FOREIGN KEY (`PREGUNTA`) REFERENCES `preguntas` (`ID_PREGUNTA`),
  CONSTRAINT `FK_respuestaTablero` FOREIGN KEY (`RESPUESTA`) REFERENCES `respuestas` (`ID_RESPUESTA`),
  CONSTRAINT `FK_rondaTablero` FOREIGN KEY (`ID_RONDA`) REFERENCES `rondas` (`ID_RONDA`),
  CONSTRAINT `tablero_puntajes_ibfk_1` FOREIGN KEY (`ID_CONCURSANTE`) REFERENCES `concursantes` (`ID_CONCURSANTE`)
) ENGINE=InnoDB AUTO_INCREMENT=1204 DEFAULT CHARSET=utf8;

-- Volcando datos para la tabla geollin_concurso_db.tablero_puntajes: ~55 rows (aproximadamente)
/*!40000 ALTER TABLE `tablero_puntajes` DISABLE KEYS */;
INSERT INTO `tablero_puntajes` (`ID_TABLERO_PUNTAJE`, `ID_CONCURSO`, `ID_RONDA`, `ID_CONCURSANTE`, `PREGUNTA_POSICION`, `PREGUNTA`, `RESPUESTA`, `RESPUESTA_CORRECTA`, `PASO_PREGUNTA`, `PUNTAJE`, `NIVEL_EMPATE`, `CONCURSANTE_PASO`, `CONCURSANTE_TOMO`) VALUES
	(1138, 125, 4, 265, 1, 206, 999, 0, 0, 1, 0, NULL, 0),
	(1139, 125, 4, 266, 1, 206, 998, 1, 0, 1, 0, NULL, 0),
	(1140, 125, 4, 266, 2, 216, 1040, 1, 0, 1, 0, NULL, 0),
	(1141, 125, 4, 265, 2, 216, 1038, 0, 0, 1, 0, NULL, 0),
	(1142, 125, 4, 265, 3, 246, 1161, 0, 0, 2, 0, NULL, 0),
	(1143, 125, 4, 266, 3, 246, 1158, 0, 0, 2, 0, NULL, 0),
	(1144, 125, 4, 265, 4, 241, 1141, 0, 0, 3, 0, NULL, 0),
	(1145, 125, 4, 266, 4, 241, 1138, 1, 0, 3, 0, NULL, 0),
	(1157, 125, 5, 266, 6, 224, NULL, 0, 1, -1, 0, 265, 1),
	(1158, 125, 5, 265, 1, 218, 1048, 0, 0, -1, 0, NULL, 0),
	(1159, 125, 5, 265, 2, 228, NULL, 0, 1, -1, 0, 266, 1),
	(1160, 125, 5, 266, 5, 194, 952, 1, 0, 1, 0, NULL, 0),
	(1161, 125, 5, 265, 3, 226, NULL, 0, 1, -2, 0, 266, 1),
	(1162, 125, 5, 266, 7, 227, 1083, 0, 0, -2, 0, NULL, 0),
	(1163, 125, 5, 265, 4, 200, NULL, 0, 1, -3, 0, 266, 1),
	(1164, 125, 5, 266, 8, 245, 1154, 0, 0, -3, 0, NULL, 0),
	(1165, 126, 4, 268, 1, 195, 954, 0, 0, 1, 0, NULL, 0),
	(1166, 126, 4, 267, 1, 195, 954, 0, 0, 1, 0, NULL, 0),
	(1167, 126, 4, 268, 2, 210, 1014, 0, 0, 1, 0, NULL, 0),
	(1168, 126, 4, 268, 3, 212, 1022, 0, 0, 2, 0, NULL, 0),
	(1169, 126, 4, 267, 3, 212, 1022, 0, 0, 2, 0, NULL, 0),
	(1170, 126, 4, 267, 4, 200, 974, 0, 0, 3, 0, NULL, 0),
	(1171, 126, 4, 268, 4, 200, 974, 0, 0, 3, 0, NULL, 0),
	(1172, 126, 5, 268, 5, 192, 942, 0, 0, -1, 0, NULL, 0),
	(1173, 126, 5, 267, 1, 186, 918, 0, 0, -1, 0, NULL, 0),
	(1174, 126, 5, 268, 6, 218, 1046, 0, 0, -1, 0, NULL, 0),
	(1175, 126, 5, 267, 2, 236, 1118, 0, 0, -1, 0, NULL, 0),
	(1176, 126, 5, 267, 3, 248, 1166, 0, 0, -2, 0, NULL, 0),
	(1177, 126, 5, 268, 7, 198, 966, 0, 0, -2, 0, NULL, 0),
	(1178, 126, 5, 267, 4, 243, 1146, 1, 0, 3, 0, NULL, 0),
	(1179, 126, 5, 268, 8, 245, 1154, 0, 0, -3, 0, NULL, 0),
	(1180, 127, 4, 269, 1, 235, 1114, 0, 0, 1, 0, NULL, 0),
	(1181, 127, 4, 270, 1, 235, 1114, 0, 0, 1, 0, NULL, 0),
	(1182, 127, 4, 269, 2, 190, 934, 0, 0, 1, 0, NULL, 0),
	(1183, 127, 4, 270, 2, 190, 934, 0, 0, 1, 0, NULL, 0),
	(1184, 127, 4, 269, 3, 219, 1050, 0, 0, 2, 0, NULL, 0),
	(1185, 127, 4, 270, 3, 219, 1050, 0, 0, 2, 0, NULL, 0),
	(1186, 127, 4, 269, 4, 243, 1146, 1, 0, 3, 0, NULL, 0),
	(1187, 127, 4, 270, 4, 243, 1146, 1, 0, 3, 0, NULL, 0),
	(1188, 127, 5, 269, 1, 237, 1123, 1, 0, 1, 0, NULL, 0),
	(1189, 127, 5, 270, 5, 199, 972, 1, 0, 1, 0, NULL, 0),
	(1190, 127, 5, 269, 2, 192, NULL, 0, 1, -1, 0, 270, 1),
	(1191, 127, 5, 270, 6, 231, NULL, 0, 1, -1, 0, 269, 1),
	(1192, 127, 5, 269, 3, 198, 968, 0, 0, -2, 0, NULL, 0),
	(1193, 127, 5, 270, 7, 214, 1032, 0, 0, -2, 0, NULL, 0),
	(1194, 127, 5, 269, 4, 230, 1097, 0, 0, -3, 0, NULL, 0),
	(1195, 127, 5, 270, 8, 185, 916, 0, 0, -3, 0, NULL, 0),
	(1196, 127, 6, 269, 1, 197, 962, 0, 0, 1, 1, NULL, 0),
	(1197, 127, 6, 270, 1, 197, NULL, 0, 0, 0, 1, NULL, 0),
	(1198, 127, 6, 269, 2, 229, 1090, 0, 0, 1, 1, NULL, 0),
	(1199, 127, 6, 270, 2, 229, 1090, 0, 0, 1, 1, NULL, 0),
	(1200, 127, 6, 269, 3, 227, 1085, 0, 0, 2, 1, NULL, 0),
	(1201, 127, 6, 270, 3, 227, 1083, 0, 0, 2, 1, NULL, 0),
	(1202, 127, 6, 269, 4, 200, 975, 1, 0, 3, 1, NULL, 0),
	(1203, 127, 6, 270, 4, 200, 977, 0, 0, 3, 1, NULL, 0),
	(1204, 128, 4, 271, 1, 220, 1054, 1, 0, 1, 0, NULL, 0),
	(1205, 128, 4, 272, 1, 220, 1055, 0, 0, 1, 0, NULL, 0),
	(1206, 128, 4, 271, 2, 195, 957, 0, 0, 1, 0, NULL, 0),
	(1207, 128, 4, 272, 2, 195, 954, 0, 0, 1, 0, NULL, 0),
	(1208, 128, 4, 271, 3, 213, 1028, 1, 0, 2, 0, NULL, 0),
	(1209, 128, 4, 272, 3, 213, 1026, 0, 0, 2, 0, NULL, 0),
	(1210, 128, 4, 271, 4, 243, 1149, 0, 0, 3, 0, NULL, 0),
	(1211, 128, 4, 272, 4, 243, 1147, 0, 0, 3, 0, NULL, 0),
	(1212, 128, 5, 271, 2, 235, 1116, 1, 0, 1, 0, NULL, 0),
	(1213, 128, 5, 272, 5, 192, NULL, 0, 1, -1, 0, 271, 1),
	(1214, 128, 5, 271, 1, 228, 1088, 0, 0, -1, 0, NULL, 0),
	(1215, 128, 5, 272, 6, 204, NULL, 0, 1, -1, 0, 271, 0),
	(1216, 128, 5, 271, 3, 181, 900, 1, 0, 2, 0, NULL, 0),
	(1217, 128, 5, 272, 7, 234, 1113, 1, 0, 2, 0, NULL, 0),
	(1218, 128, 5, 271, 4, 240, 1137, 0, 0, -3, 0, NULL, 0),
	(1219, 128, 5, 272, 8, 200, 977, 0, 0, -3, 0, NULL, 0),
	(1220, 129, 4, 273, 1, 210, 1016, 1, 0, 1, 0, NULL, 0),
	(1221, 129, 4, 274, 1, 210, 1014, 0, 0, 1, 0, NULL, 0),
	(1222, 129, 4, 273, 2, 218, 1047, 1, 0, 1, 0, NULL, 0),
	(1223, 130, 4, 275, 1, 210, 1015, 0, 0, 1, 0, NULL, 0),
	(1224, 130, 4, 276, 1, 210, 1014, 0, 0, 1, 0, NULL, 0),
	(1225, 130, 4, 275, 2, 211, 1021, 0, 0, 1, 0, NULL, 0),
	(1226, 130, 4, 276, 2, 211, 1018, 0, 0, 1, 0, NULL, 0),
	(1227, 130, 4, 275, 3, 226, 1079, 0, 0, 2, 0, NULL, 0),
	(1228, 130, 4, 276, 3, 226, 1078, 0, 0, 2, 0, NULL, 0),
	(1229, 130, 4, 275, 4, 245, 1157, 0, 0, 3, 0, NULL, 0),
	(1230, 130, 4, 276, 4, 245, 1154, 0, 0, 3, 0, NULL, 0),
	(1231, 130, 5, 275, 1, 220, 1057, 0, 1, -1, 0, 276, 1),
	(1232, 130, 5, 275, 1, 220, NULL, 0, 1, -1, 0, 276, 1),
	(1233, 130, 5, 275, 1, 220, NULL, 0, 1, -1, 0, 276, 1),
	(1234, 130, 5, 275, 1, 220, NULL, 0, 1, -1, 0, 276, 1),
	(1235, 130, 5, 275, 1, 220, NULL, 0, 1, -1, 0, 276, 1),
	(1236, 130, 5, 275, 1, 220, NULL, 0, 1, -1, 0, 276, 1),
	(1237, 130, 5, 275, 1, 220, NULL, 0, 1, -1, 0, 276, 1),
	(1238, 130, 5, 275, 1, 220, NULL, 0, 1, -1, 0, 276, 1),
	(1239, 130, 5, 275, 1, 220, NULL, 0, 1, -1, 0, 276, 1),
	(1240, 130, 5, 275, 1, 220, NULL, 0, 1, -1, 0, 276, 1),
	(1241, 130, 5, 275, 1, 220, NULL, 0, 1, -1, 0, 276, 1),
	(1242, 130, 5, 275, 1, 220, NULL, 0, 1, -1, 0, 276, 1),
	(1243, 130, 5, 275, 1, 220, NULL, 0, 1, -1, 0, 276, 1),
	(1244, 130, 5, 275, 1, 220, NULL, 0, 1, -1, 0, 276, 1),
	(1245, 130, 5, 275, 1, 220, NULL, 0, 1, -1, 0, 276, 1),
	(1246, 130, 5, 275, 1, 220, NULL, 0, 1, -1, 0, 276, 1),
	(1247, 130, 5, 275, 1, 220, NULL, 0, 1, -1, 0, 276, 1),
	(1248, 130, 5, 275, 1, 220, NULL, 0, 1, -1, 0, 276, 0),
	(1249, 130, 5, 275, 1, 220, NULL, 0, 1, -1, 0, 276, 0),
	(1250, 130, 5, 275, 1, 220, NULL, 0, 1, -1, 0, 276, 0),
	(1251, 130, 5, 275, 1, 220, NULL, 0, 1, -1, 0, 276, 0),
	(1252, 130, 5, 275, 1, 220, NULL, 0, 1, -1, 0, 276, 0),
	(1253, 130, 5, 275, 1, 220, NULL, 0, 1, -1, 0, 276, 0),
	(1254, 130, 5, 275, 1, 220, NULL, 0, 1, -1, 0, 276, 0),
	(1255, 130, 5, 275, 1, 220, NULL, 0, 1, -1, 0, 276, 0),
	(1256, 130, 5, 275, 1, 220, NULL, 0, 1, -1, 0, 276, 0),
	(1257, 130, 5, 275, 1, 220, NULL, 0, 1, -1, 0, 276, 0),
	(1258, 130, 5, 275, 1, 220, NULL, 0, 1, -1, 0, 276, 0),
	(1259, 130, 5, 275, 1, 220, NULL, 0, 1, -1, 0, 276, 0),
	(1260, 130, 5, 275, 1, 220, NULL, 0, 1, -1, 0, 276, 0),
	(1261, 130, 5, 275, 1, 220, NULL, 0, 1, -1, 0, 276, 0),
	(1262, 130, 5, 275, 1, 220, NULL, 0, 1, -1, 0, 276, 0),
	(1263, 130, 5, 275, 1, 220, NULL, 0, 1, -1, 0, 276, 0),
	(1264, 130, 5, 275, 1, 220, NULL, 0, 1, -1, 0, 276, 0),
	(1265, 130, 5, 275, 1, 220, NULL, 0, 1, -1, 0, 276, 0),
	(1266, 130, 5, 275, 1, 220, NULL, 0, 1, -1, 0, 276, 0),
	(1267, 130, 5, 275, 1, 220, NULL, 0, 1, -1, 0, 276, 0),
	(1268, 130, 5, 275, 1, 220, NULL, 0, 1, -1, 0, 276, 0),
	(1269, 130, 5, 275, 1, 220, NULL, 0, 1, -1, 0, 276, 0),
	(1270, 130, 5, 275, 1, 220, NULL, 0, 1, -1, 0, 276, 0),
	(1271, 130, 5, 275, 1, 220, NULL, 0, 1, -1, 0, 276, 0),
	(1272, 130, 5, 275, 1, 220, NULL, 0, 1, -1, 0, 276, 0),
	(1273, 130, 5, 275, 1, 220, NULL, 0, 1, -1, 0, 276, 0),
	(1274, 130, 5, 275, 1, 220, NULL, 0, 1, -1, 0, 276, 0),
	(1275, 130, 5, 275, 1, 220, NULL, 0, 1, -1, 0, 276, 0),
	(1276, 130, 5, 275, 1, 220, NULL, 0, 1, -1, 0, 276, 0),
	(1277, 130, 5, 275, 1, 220, NULL, 0, 1, -1, 0, 276, 0),
	(1278, 130, 5, 275, 1, 220, NULL, 0, 1, -1, 0, 276, 0),
	(1279, 130, 5, 275, 1, 220, NULL, 0, 1, -1, 0, 276, 0),
	(1280, 130, 5, 275, 1, 220, NULL, 0, 1, -1, 0, 276, 0),
	(1281, 130, 5, 275, 1, 220, NULL, 0, 1, -1, 0, 276, 0),
	(1282, 130, 5, 275, 1, 220, NULL, 0, 1, -1, 0, 276, 0),
	(1283, 130, 5, 275, 1, 220, NULL, 0, 1, -1, 0, 276, 0),
	(1284, 130, 5, 275, 1, 220, NULL, 0, 1, -1, 0, 276, 0),
	(1285, 130, 5, 275, 1, 220, NULL, 0, 1, -1, 0, 276, 0),
	(1286, 130, 5, 275, 1, 220, NULL, 0, 1, -1, 0, 276, 0),
	(1287, 130, 5, 275, 1, 220, NULL, 0, 1, -1, 0, 276, 0),
	(1288, 130, 5, 275, 1, 220, NULL, 0, 1, -1, 0, 276, 0),
	(1289, 130, 5, 275, 1, 220, NULL, 0, 1, -1, 0, 276, 0),
	(1290, 130, 5, 275, 1, 220, NULL, 0, 1, -1, 0, 276, 0),
	(1291, 130, 5, 275, 1, 220, NULL, 0, 1, -1, 0, 276, 0),
	(1292, 130, 5, 275, 1, 220, NULL, 0, 1, -1, 0, 276, 0),
	(1293, 130, 5, 275, 1, 220, NULL, 0, 1, -1, 0, 276, 0),
	(1294, 130, 5, 275, 1, 220, NULL, 0, 1, -1, 0, 276, 0),
	(1295, 130, 5, 275, 1, 220, NULL, 0, 1, -1, 0, 276, 0),
	(1296, 130, 5, 275, 1, 220, NULL, 0, 1, -1, 0, 276, 0),
	(1297, 130, 5, 275, 1, 220, NULL, 0, 1, -1, 0, 276, 0),
	(1298, 130, 5, 275, 1, 220, NULL, 0, 1, -1, 0, 276, 0),
	(1299, 130, 5, 275, 1, 220, NULL, 0, 1, -1, 0, 276, 0),
	(1300, 130, 5, 275, 1, 220, NULL, 0, 1, -1, 0, 276, 0),
	(1301, 130, 5, 275, 1, 220, NULL, 0, 1, -1, 0, 276, 0),
	(1302, 130, 5, 275, 1, 220, NULL, 0, 1, -1, 0, 276, 0),
	(1303, 130, 5, 275, 1, 220, NULL, 0, 1, -1, 0, 276, 0),
	(1304, 130, 5, 275, 1, 220, NULL, 0, 1, -1, 0, 276, 0),
	(1305, 130, 5, 275, 1, 220, NULL, 0, 1, -1, 0, 276, 0),
	(1306, 130, 5, 275, 1, 220, NULL, 0, 1, -1, 0, 276, 0),
	(1307, 130, 5, 275, 1, 220, NULL, 0, 1, -1, 0, 276, 0),
	(1308, 130, 5, 275, 1, 220, NULL, 0, 1, -1, 0, 276, 0),
	(1309, 130, 5, 275, 1, 220, NULL, 0, 1, -1, 0, 276, 0),
	(1310, 130, 5, 275, 1, 220, NULL, 0, 1, -1, 0, 276, 0),
	(1311, 130, 5, 275, 1, 220, NULL, 0, 1, -1, 0, 276, 0),
	(1312, 130, 5, 275, 1, 220, NULL, 0, 1, -1, 0, 276, 0),
	(1313, 130, 5, 275, 1, 220, NULL, 0, 1, -1, 0, 276, 0),
	(1314, 130, 5, 275, 1, 220, NULL, 0, 1, -1, 0, 276, 0),
	(1315, 130, 5, 275, 1, 220, NULL, 0, 1, -1, 0, 276, 0),
	(1316, 130, 5, 275, 1, 220, NULL, 0, 1, -1, 0, 276, 0),
	(1317, 130, 5, 275, 1, 220, NULL, 0, 1, -1, 0, 276, 0),
	(1318, 130, 5, 275, 1, 220, NULL, 0, 1, -1, 0, 276, 0),
	(1319, 130, 5, 275, 1, 220, NULL, 0, 1, -1, 0, 276, 0),
	(1320, 130, 5, 275, 1, 220, NULL, 0, 1, -1, 0, 276, 0),
	(1321, 130, 5, 275, 1, 220, NULL, 0, 1, -1, 0, 276, 0),
	(1322, 130, 5, 275, 1, 220, NULL, 0, 1, -1, 0, 276, 0),
	(1323, 130, 5, 275, 1, 220, NULL, 0, 1, -1, 0, 276, 0),
	(1324, 130, 5, 275, 1, 220, NULL, 0, 1, -1, 0, 276, 0),
	(1325, 130, 5, 275, 1, 220, NULL, 0, 1, -1, 0, 276, 0),
	(1326, 130, 5, 275, 1, 220, NULL, 0, 1, -1, 0, 276, 0),
	(1327, 130, 5, 275, 1, 220, NULL, 0, 1, -1, 0, 276, 0),
	(1328, 130, 5, 275, 1, 220, NULL, 0, 1, -1, 0, 276, 0),
	(1329, 130, 5, 275, 1, 220, NULL, 0, 1, -1, 0, 276, 0),
	(1330, 130, 5, 275, 1, 220, NULL, 0, 1, -1, 0, 276, 0),
	(1331, 130, 5, 275, 1, 220, NULL, 0, 1, -1, 0, 276, 0),
	(1332, 130, 5, 275, 1, 220, NULL, 0, 1, -1, 0, 276, 0),
	(1333, 130, 5, 275, 1, 220, NULL, 0, 1, -1, 0, 276, 0),
	(1334, 130, 5, 275, 1, 220, NULL, 0, 1, -1, 0, 276, 0),
	(1335, 130, 5, 275, 1, 220, NULL, 0, 1, -1, 0, 276, 0),
	(1336, 130, 5, 275, 1, 220, NULL, 0, 1, -1, 0, 276, 0),
	(1337, 130, 5, 275, 1, 220, NULL, 0, 1, -1, 0, 276, 0),
	(1338, 130, 5, 275, 1, 220, NULL, 0, 1, -1, 0, 276, 0),
	(1339, 130, 5, 275, 1, 220, NULL, 0, 1, -1, 0, 276, 0),
	(1340, 130, 5, 275, 1, 220, NULL, 0, 1, -1, 0, 276, 0),
	(1341, 130, 5, 275, 1, 220, NULL, 0, 1, -1, 0, 276, 0),
	(1342, 130, 5, 275, 1, 220, NULL, 0, 1, -1, 0, 276, 0),
	(1343, 130, 5, 275, 1, 220, NULL, 0, 1, -1, 0, 276, 0),
	(1344, 130, 5, 275, 1, 220, NULL, 0, 1, -1, 0, 276, 0),
	(1345, 130, 5, 275, 1, 220, NULL, 0, 1, -1, 0, 276, 0),
	(1346, 130, 5, 275, 1, 220, NULL, 0, 1, -1, 0, 276, 0),
	(1347, 130, 5, 275, 1, 220, NULL, 0, 1, -1, 0, 276, 0),
	(1348, 130, 5, 275, 1, 220, NULL, 0, 1, -1, 0, 276, 0),
	(1349, 130, 5, 275, 1, 220, NULL, 0, 1, -1, 0, 276, 0),
	(1350, 130, 5, 275, 1, 220, NULL, 0, 1, -1, 0, 276, 0),
	(1351, 130, 5, 275, 1, 220, NULL, 0, 1, -1, 0, 276, 0),
	(1352, 130, 5, 275, 1, 220, NULL, 0, 1, -1, 0, 276, 0),
	(1353, 130, 5, 275, 1, 220, NULL, 0, 1, -1, 0, 276, 0),
	(1354, 130, 5, 275, 1, 220, NULL, 0, 1, -1, 0, 276, 0),
	(1355, 130, 5, 275, 1, 220, NULL, 0, 1, -1, 0, 276, 0),
	(1356, 130, 5, 275, 1, 220, NULL, 0, 1, -1, 0, 276, 0),
	(1357, 130, 5, 275, 1, 220, NULL, 0, 1, -1, 0, 276, 0),
	(1358, 130, 5, 275, 1, 220, NULL, 0, 1, -1, 0, 276, 0),
	(1359, 130, 5, 275, 1, 220, NULL, 0, 1, -1, 0, 276, 0),
	(1360, 130, 5, 275, 1, 220, NULL, 0, 1, -1, 0, 276, 0),
	(1361, 130, 5, 275, 1, 220, NULL, 0, 1, -1, 0, 276, 0),
	(1362, 130, 5, 275, 1, 220, NULL, 0, 1, -1, 0, 276, 0),
	(1363, 130, 5, 275, 1, 220, NULL, 0, 1, -1, 0, 276, 0),
	(1364, 130, 5, 275, 1, 220, NULL, 0, 1, -1, 0, 276, 0),
	(1365, 130, 5, 275, 1, 220, NULL, 0, 1, -1, 0, 276, 0),
	(1366, 130, 5, 275, 1, 220, NULL, 0, 1, -1, 0, 276, 0),
	(1367, 130, 5, 275, 1, 220, NULL, 0, 1, -1, 0, 276, 0),
	(1368, 130, 5, 275, 1, 220, NULL, 0, 1, -1, 0, 276, 0),
	(1369, 130, 5, 275, 1, 220, NULL, 0, 1, -1, 0, 276, 0),
	(1370, 130, 5, 275, 1, 220, NULL, 0, 1, -1, 0, 276, 0),
	(1371, 130, 5, 275, 1, 220, NULL, 0, 1, -1, 0, 276, 0),
	(1372, 130, 5, 275, 1, 220, NULL, 0, 1, -1, 0, 276, 0),
	(1373, 130, 5, 275, 1, 220, NULL, 0, 1, -1, 0, 276, 0),
	(1374, 130, 5, 275, 1, 220, NULL, 0, 1, -1, 0, 276, 0),
	(1375, 130, 5, 275, 1, 220, NULL, 0, 1, -1, 0, 276, 0),
	(1376, 130, 5, 275, 1, 220, NULL, 0, 1, -1, 0, 276, 0),
	(1377, 130, 5, 275, 1, 220, NULL, 0, 1, -1, 0, 276, 0),
	(1378, 130, 5, 275, 1, 220, NULL, 0, 1, -1, 0, 276, 0),
	(1379, 130, 5, 275, 1, 220, NULL, 0, 1, -1, 0, 276, 0),
	(1380, 130, 5, 275, 1, 220, NULL, 0, 1, -1, 0, 276, 0),
	(1381, 130, 5, 275, 1, 220, NULL, 0, 1, -1, 0, 276, 0),
	(1382, 130, 5, 275, 1, 220, NULL, 0, 1, -1, 0, 276, 0),
	(1383, 130, 5, 275, 1, 220, NULL, 0, 1, -1, 0, 276, 0),
	(1384, 130, 5, 275, 1, 220, NULL, 0, 1, -1, 0, 276, 0),
	(1385, 130, 5, 275, 1, 220, NULL, 0, 1, -1, 0, 276, 0),
	(1386, 130, 5, 275, 1, 220, NULL, 0, 1, -1, 0, 276, 0),
	(1387, 130, 5, 275, 1, 220, NULL, 0, 1, -1, 0, 276, 0),
	(1388, 130, 5, 275, 1, 220, NULL, 0, 1, -1, 0, 276, 0),
	(1389, 130, 5, 275, 1, 220, NULL, 0, 1, -1, 0, 276, 0),
	(1390, 130, 5, 275, 1, 220, NULL, 0, 1, -1, 0, 276, 0),
	(1391, 130, 5, 275, 1, 220, NULL, 0, 1, -1, 0, 276, 0),
	(1392, 130, 5, 275, 1, 220, NULL, 0, 1, -1, 0, 276, 0),
	(1393, 130, 5, 275, 1, 220, NULL, 0, 1, -1, 0, 276, 0),
	(1394, 130, 5, 275, 1, 220, NULL, 0, 1, -1, 0, 276, 0),
	(1395, 130, 5, 275, 1, 220, NULL, 0, 1, -1, 0, 276, 0),
	(1396, 130, 5, 275, 1, 220, NULL, 0, 1, -1, 0, 276, 0),
	(1397, 130, 5, 275, 1, 220, NULL, 0, 1, -1, 0, 276, 0),
	(1398, 130, 5, 275, 1, 220, NULL, 0, 1, -1, 0, 276, 0),
	(1399, 130, 5, 275, 1, 220, NULL, 0, 1, -1, 0, 276, 0),
	(1400, 130, 5, 275, 1, 220, NULL, 0, 1, -1, 0, 276, 0),
	(1401, 130, 5, 275, 1, 220, NULL, 0, 1, -1, 0, 276, 0),
	(1402, 130, 5, 276, 5, 197, 964, 0, 1, -1, 0, 275, 1),
	(1403, 130, 5, 275, 1, 220, NULL, 0, 1, -1, 0, 276, 0),
	(1404, 130, 5, 276, 5, 197, NULL, 0, 1, -1, 0, 275, 1),
	(1405, 130, 5, 275, 1, 220, NULL, 0, 1, -1, 0, 276, 0),
	(1406, 130, 5, 276, 5, 197, NULL, 0, 1, -1, 0, 275, 1),
	(1407, 130, 5, 275, 1, 220, NULL, 0, 1, -1, 0, 276, 0),
	(1408, 130, 5, 276, 5, 197, NULL, 0, 1, -1, 0, 275, 1),
	(1409, 130, 5, 275, 1, 220, NULL, 0, 1, -1, 0, 276, 0),
	(1410, 130, 5, 276, 5, 197, NULL, 0, 1, -1, 0, 275, 1),
	(1411, 130, 5, 275, 1, 220, NULL, 0, 1, -1, 0, 276, 0),
	(1412, 130, 5, 276, 5, 197, NULL, 0, 1, -1, 0, 275, 1),
	(1413, 130, 5, 275, 1, 220, NULL, 0, 1, -1, 0, 276, 0),
	(1414, 130, 5, 276, 5, 197, NULL, 0, 1, -1, 0, 275, 1),
	(1415, 130, 5, 275, 1, 220, NULL, 0, 1, -1, 0, 276, 0),
	(1416, 130, 5, 276, 5, 197, NULL, 0, 1, -1, 0, 275, 1),
	(1417, 130, 5, 275, 1, 220, NULL, 0, 1, -1, 0, 276, 0),
	(1418, 130, 5, 276, 5, 197, NULL, 0, 1, -1, 0, 275, 1),
	(1419, 130, 5, 275, 1, 220, NULL, 0, 1, -1, 0, 276, 0),
	(1420, 130, 5, 276, 5, 197, NULL, 0, 1, -1, 0, 275, 1),
	(1421, 130, 5, 275, 1, 220, NULL, 0, 1, -1, 0, 276, 0),
	(1422, 130, 5, 276, 5, 197, NULL, 0, 1, -1, 0, 275, 1),
	(1423, 130, 5, 275, 1, 220, NULL, 0, 1, -1, 0, 276, 0),
	(1424, 130, 5, 275, 1, 220, NULL, 0, 1, -1, 0, 276, 0),
	(1425, 130, 5, 276, 5, 197, NULL, 0, 1, -1, 0, 275, 1),
	(1426, 130, 5, 275, 1, 220, NULL, 0, 1, -1, 0, 276, 0),
	(1427, 130, 5, 276, 5, 197, NULL, 0, 1, -1, 0, 275, 1),
	(1428, 130, 5, 275, 1, 220, NULL, 0, 1, -1, 0, 276, 0),
	(1429, 130, 5, 276, 5, 197, NULL, 0, 1, -1, 0, 275, 1),
	(1430, 130, 5, 275, 1, 220, NULL, 0, 1, -1, 0, 276, 0),
	(1431, 130, 5, 276, 5, 197, NULL, 0, 1, -1, 0, 275, 1),
	(1432, 130, 5, 275, 1, 220, NULL, 0, 1, -1, 0, 276, 0),
	(1433, 130, 5, 276, 5, 197, NULL, 0, 1, -1, 0, 275, 1),
	(1434, 130, 5, 275, 1, 220, NULL, 0, 1, -1, 0, 276, 0),
	(1435, 130, 5, 276, 5, 197, NULL, 0, 1, -1, 0, 275, 1),
	(1436, 130, 5, 275, 1, 220, NULL, 0, 1, -1, 0, 276, 0),
	(1437, 130, 5, 276, 5, 197, NULL, 0, 1, -1, 0, 275, 1),
	(1438, 130, 5, 275, 1, 220, NULL, 0, 1, -1, 0, 276, 0),
	(1439, 130, 5, 276, 5, 197, NULL, 0, 1, -1, 0, 275, 1),
	(1440, 130, 5, 275, 1, 220, NULL, 0, 1, -1, 0, 276, 0),
	(1441, 130, 5, 276, 5, 197, NULL, 0, 1, -1, 0, 275, 1),
	(1442, 130, 5, 275, 1, 220, NULL, 0, 1, -1, 0, 276, 0),
	(1443, 130, 5, 276, 5, 197, NULL, 0, 1, -1, 0, 275, 1),
	(1444, 130, 5, 275, 1, 220, NULL, 0, 1, -1, 0, 276, 0),
	(1445, 130, 5, 276, 5, 197, NULL, 0, 1, -1, 0, 275, 1),
	(1446, 130, 5, 275, 1, 220, NULL, 0, 1, -1, 0, 276, 0),
	(1447, 130, 5, 276, 5, 197, NULL, 0, 1, -1, 0, 275, 1),
	(1448, 130, 5, 275, 1, 220, NULL, 0, 1, -1, 0, 276, 0),
	(1449, 130, 5, 276, 5, 197, NULL, 0, 1, -1, 0, 275, 1),
	(1450, 130, 5, 275, 1, 220, NULL, 0, 1, -1, 0, 276, 0),
	(1451, 130, 5, 276, 5, 197, NULL, 0, 1, -1, 0, 275, 0),
	(1452, 130, 5, 275, 1, 220, NULL, 0, 1, -1, 0, 276, 0),
	(1453, 130, 5, 275, 1, 220, NULL, 0, 1, -1, 0, 276, 0),
	(1454, 130, 5, 276, 5, 197, NULL, 0, 1, -1, 0, 275, 0),
	(1455, 130, 5, 275, 1, 220, NULL, 0, 1, -1, 0, 276, 0),
	(1456, 130, 5, 276, 5, 197, NULL, 0, 1, -1, 0, 275, 0),
	(1457, 130, 5, 275, 1, 220, NULL, 0, 1, -1, 0, 276, 0),
	(1458, 130, 5, 276, 5, 197, NULL, 0, 1, -1, 0, 275, 0),
	(1459, 130, 5, 275, 1, 220, NULL, 0, 1, -1, 0, 276, 0),
	(1460, 130, 5, 276, 5, 197, NULL, 0, 1, -1, 0, 275, 0),
	(1461, 130, 5, 275, 1, 220, NULL, 0, 1, -1, 0, 276, 0),
	(1462, 130, 5, 276, 5, 197, NULL, 0, 1, -1, 0, 275, 0),
	(1463, 130, 5, 275, 1, 220, NULL, 0, 1, -1, 0, 276, 0),
	(1464, 130, 5, 276, 5, 197, NULL, 0, 1, -1, 0, 275, 0),
	(1465, 130, 5, 275, 1, 220, NULL, 0, 1, -1, 0, 276, 0),
	(1466, 130, 5, 276, 5, 197, NULL, 0, 1, -1, 0, 275, 0),
	(1467, 130, 5, 276, 5, 197, NULL, 0, 1, -1, 0, 275, 0),
	(1468, 130, 5, 276, 5, 197, NULL, 0, 1, -1, 0, 275, 0),
	(1469, 130, 5, 276, 5, 197, NULL, 0, 1, -1, 0, 275, 0),
	(1470, 130, 5, 275, 1, 220, NULL, 0, 1, -1, 0, 276, 0),
	(1471, 130, 5, 276, 5, 197, NULL, 0, 1, -1, 0, 275, 0),
	(1472, 130, 5, 275, 1, 220, NULL, 0, 1, -1, 0, 276, 0),
	(1473, 130, 5, 276, 5, 197, NULL, 0, 1, -1, 0, 275, 0),
	(1474, 130, 5, 275, 1, 220, NULL, 0, 1, -1, 0, 276, 0),
	(1475, 130, 5, 276, 5, 197, NULL, 0, 1, -1, 0, 275, 0),
	(1476, 130, 5, 275, 1, 220, NULL, 0, 1, -1, 0, 276, 0),
	(1477, 130, 5, 276, 5, 197, NULL, 0, 1, -1, 0, 275, 0),
	(1478, 130, 5, 275, 1, 220, NULL, 0, 1, -1, 0, 276, 0),
	(1479, 130, 5, 276, 5, 197, NULL, 0, 1, -1, 0, 275, 0),
	(1480, 130, 5, 275, 1, 220, NULL, 0, 1, -1, 0, 276, 0),
	(1481, 130, 5, 275, 1, 220, NULL, 0, 1, -1, 0, 276, 0),
	(1482, 130, 5, 276, 5, 197, NULL, 0, 1, -1, 0, 275, 0),
	(1483, 130, 5, 275, 1, 220, NULL, 0, 1, -1, 0, 276, 0),
	(1484, 130, 5, 276, 5, 197, NULL, 0, 1, -1, 0, 275, 0),
	(1485, 130, 5, 275, 1, 220, NULL, 0, 1, -1, 0, 276, 0),
	(1486, 130, 5, 276, 5, 197, NULL, 0, 1, -1, 0, 275, 0),
	(1487, 130, 5, 275, 1, 220, NULL, 0, 1, -1, 0, 276, 0),
	(1488, 130, 5, 275, 1, 220, NULL, 0, 1, -1, 0, 276, 0),
	(1489, 130, 5, 276, 5, 197, NULL, 0, 1, -1, 0, 275, 0),
	(1490, 130, 5, 275, 1, 220, NULL, 0, 1, -1, 0, 276, 0),
	(1491, 130, 5, 276, 5, 197, NULL, 0, 1, -1, 0, 275, 0),
	(1492, 130, 5, 275, 1, 220, NULL, 0, 1, -1, 0, 276, 0),
	(1493, 130, 5, 276, 5, 197, NULL, 0, 1, -1, 0, 275, 0),
	(1494, 130, 5, 275, 1, 220, NULL, 0, 1, -1, 0, 276, 0),
	(1495, 130, 5, 276, 5, 197, NULL, 0, 1, -1, 0, 275, 0),
	(1496, 130, 5, 275, 1, 220, NULL, 0, 1, -1, 0, 276, 0),
	(1497, 130, 5, 276, 5, 197, NULL, 0, 1, -1, 0, 275, 0),
	(1498, 130, 5, 275, 1, 220, NULL, 0, 1, -1, 0, 276, 0),
	(1499, 130, 5, 276, 5, 197, NULL, 0, 1, -1, 0, 275, 0),
	(1500, 130, 5, 275, 1, 220, NULL, 0, 1, -1, 0, 276, 0),
	(1501, 130, 5, 276, 5, 197, NULL, 0, 1, -1, 0, 275, 0),
	(1502, 130, 5, 275, 1, 220, NULL, 0, 1, -1, 0, 276, 0),
	(1503, 130, 5, 276, 5, 197, NULL, 0, 1, -1, 0, 275, 0),
	(1504, 130, 5, 275, 1, 220, NULL, 0, 1, -1, 0, 276, 0),
	(1505, 130, 5, 276, 5, 197, NULL, 0, 1, -1, 0, 275, 0),
	(1506, 130, 5, 275, 1, 220, NULL, 0, 1, -1, 0, 276, 0),
	(1507, 130, 5, 276, 5, 197, NULL, 0, 1, -1, 0, 275, 0),
	(1508, 130, 5, 275, 1, 220, NULL, 0, 1, -1, 0, 276, 0),
	(1509, 130, 5, 276, 5, 197, NULL, 0, 1, -1, 0, 275, 0),
	(1510, 130, 5, 275, 1, 220, NULL, 0, 1, -1, 0, 276, 0),
	(1511, 130, 5, 276, 5, 197, NULL, 0, 1, -1, 0, 275, 0),
	(1512, 130, 5, 275, 1, 220, NULL, 0, 1, -1, 0, 276, 0),
	(1513, 130, 5, 276, 5, 197, NULL, 0, 1, -1, 0, 275, 0),
	(1514, 130, 5, 275, 1, 220, NULL, 0, 1, -1, 0, 276, 0),
	(1515, 130, 5, 276, 5, 197, NULL, 0, 1, -1, 0, 275, 0),
	(1516, 130, 5, 275, 1, 220, NULL, 0, 1, -1, 0, 276, 0),
	(1517, 130, 5, 276, 5, 197, NULL, 0, 1, -1, 0, 275, 0),
	(1518, 130, 5, 275, 1, 220, NULL, 0, 1, -1, 0, 276, 0),
	(1519, 130, 5, 276, 5, 197, NULL, 0, 1, -1, 0, 275, 0),
	(1520, 130, 5, 275, 1, 220, NULL, 0, 1, -1, 0, 276, 0),
	(1521, 130, 5, 276, 5, 197, NULL, 0, 1, -1, 0, 275, 0),
	(1522, 130, 5, 275, 1, 220, NULL, 0, 1, -1, 0, 276, 0),
	(1523, 130, 5, 276, 5, 197, NULL, 0, 1, -1, 0, 275, 0),
	(1524, 130, 5, 275, 1, 220, NULL, 0, 1, -1, 0, 276, 0),
	(1525, 130, 5, 275, 1, 220, NULL, 0, 1, -1, 0, 276, 0),
	(1526, 130, 5, 276, 5, 197, NULL, 0, 1, -1, 0, 275, 0),
	(1527, 130, 5, 275, 1, 220, NULL, 0, 1, -1, 0, 276, 0),
	(1528, 130, 5, 276, 5, 197, NULL, 0, 1, -1, 0, 275, 0),
	(1529, 130, 5, 275, 1, 220, NULL, 0, 1, -1, 0, 276, 0),
	(1530, 130, 5, 276, 5, 197, NULL, 0, 1, -1, 0, 275, 0),
	(1531, 130, 5, 275, 1, 220, NULL, 0, 1, -1, 0, 276, 0),
	(1532, 130, 5, 276, 5, 197, NULL, 0, 1, -1, 0, 275, 0),
	(1533, 130, 5, 275, 1, 220, NULL, 0, 1, -1, 0, 276, 0),
	(1534, 130, 5, 276, 5, 197, NULL, 0, 1, -1, 0, 275, 0),
	(1535, 130, 5, 275, 1, 220, NULL, 0, 1, -1, 0, 276, 0),
	(1536, 130, 5, 276, 5, 197, NULL, 0, 1, -1, 0, 275, 0),
	(1537, 130, 5, 275, 1, 220, NULL, 0, 1, -1, 0, 276, 0),
	(1538, 130, 5, 276, 5, 197, NULL, 0, 1, -1, 0, 275, 0),
	(1539, 130, 5, 275, 1, 220, NULL, 0, 1, -1, 0, 276, 0),
	(1540, 130, 5, 276, 5, 197, NULL, 0, 1, -1, 0, 275, 0),
	(1541, 130, 5, 275, 1, 220, NULL, 0, 1, -1, 0, 276, 0),
	(1542, 130, 5, 276, 5, 197, NULL, 0, 1, -1, 0, 275, 0),
	(1543, 130, 5, 275, 1, 220, NULL, 0, 1, -1, 0, 276, 0),
	(1544, 130, 5, 276, 5, 197, NULL, 0, 1, -1, 0, 275, 0),
	(1545, 130, 5, 275, 1, 220, NULL, 0, 1, -1, 0, 276, 0),
	(1546, 130, 5, 275, 1, 220, NULL, 0, 1, -1, 0, 276, 0),
	(1547, 130, 5, 276, 5, 197, NULL, 0, 1, -1, 0, 275, 0),
	(1548, 130, 5, 275, 1, 220, NULL, 0, 1, -1, 0, 276, 0),
	(1549, 130, 5, 276, 5, 197, NULL, 0, 1, -1, 0, 275, 0),
	(1550, 130, 5, 275, 1, 220, NULL, 0, 1, -1, 0, 276, 0),
	(1551, 130, 5, 276, 5, 197, NULL, 0, 1, -1, 0, 275, 0),
	(1552, 130, 5, 275, 1, 220, NULL, 0, 1, -1, 0, 276, 0),
	(1553, 130, 5, 276, 5, 197, NULL, 0, 1, -1, 0, 275, 0),
	(1554, 130, 5, 275, 1, 220, NULL, 0, 1, -1, 0, 276, 0),
	(1555, 130, 5, 275, 1, 220, NULL, 0, 1, -1, 0, 276, 0),
	(1556, 130, 5, 275, 1, 220, NULL, 0, 1, -1, 0, 276, 0),
	(1557, 130, 5, 276, 5, 197, NULL, 0, 1, -1, 0, 275, 0),
	(1558, 130, 5, 275, 1, 220, NULL, 0, 1, -1, 0, 276, 0),
	(1559, 130, 5, 276, 5, 197, NULL, 0, 1, -1, 0, 275, 0),
	(1560, 130, 5, 275, 1, 220, NULL, 0, 1, -1, 0, 276, 0),
	(1561, 130, 5, 275, 1, 220, NULL, 0, 1, -1, 0, 276, 0),
	(1562, 130, 5, 276, 5, 197, NULL, 0, 1, -1, 0, 275, 0),
	(1563, 130, 5, 275, 1, 220, NULL, 0, 1, -1, 0, 276, 0),
	(1564, 130, 5, 276, 5, 197, NULL, 0, 1, -1, 0, 275, 0),
	(1565, 130, 5, 275, 1, 220, NULL, 0, 1, -1, 0, 276, 0),
	(1566, 130, 5, 276, 5, 197, NULL, 0, 1, -1, 0, 275, 0),
	(1567, 130, 5, 275, 1, 220, NULL, 0, 1, -1, 0, 276, 0),
	(1568, 130, 5, 276, 5, 197, NULL, 0, 1, -1, 0, 275, 0),
	(1569, 130, 5, 275, 1, 220, NULL, 0, 1, -1, 0, 276, 0),
	(1570, 130, 5, 276, 5, 197, NULL, 0, 1, -1, 0, 275, 0),
	(1571, 130, 5, 275, 1, 220, NULL, 0, 1, -1, 0, 276, 0),
	(1572, 130, 5, 275, 1, 220, NULL, 0, 1, -1, 0, 276, 0),
	(1573, 130, 5, 276, 5, 197, NULL, 0, 1, -1, 0, 275, 0),
	(1574, 130, 5, 275, 1, 220, NULL, 0, 1, -1, 0, 276, 0),
	(1575, 130, 5, 276, 5, 197, NULL, 0, 1, -1, 0, 275, 0),
	(1576, 130, 5, 275, 1, 220, NULL, 0, 1, -1, 0, 276, 0),
	(1577, 130, 5, 276, 5, 197, NULL, 0, 1, -1, 0, 275, 0),
	(1578, 130, 5, 275, 1, 220, NULL, 0, 1, -1, 0, 276, 0),
	(1579, 130, 5, 276, 5, 197, NULL, 0, 1, -1, 0, 275, 0),
	(1580, 130, 5, 275, 1, 220, NULL, 0, 1, -1, 0, 276, 0),
	(1581, 130, 5, 276, 5, 197, NULL, 0, 1, -1, 0, 275, 0),
	(1582, 130, 5, 275, 1, 220, NULL, 0, 1, -1, 0, 276, 0),
	(1583, 130, 5, 276, 5, 197, NULL, 0, 1, -1, 0, 275, 0),
	(1584, 130, 5, 275, 1, 220, NULL, 0, 1, -1, 0, 276, 0),
	(1585, 130, 5, 276, 5, 197, NULL, 0, 1, -1, 0, 275, 0),
	(1586, 130, 5, 275, 1, 220, NULL, 0, 1, -1, 0, 276, 0),
	(1587, 130, 5, 276, 5, 197, NULL, 0, 1, -1, 0, 275, 0),
	(1588, 130, 5, 275, 1, 220, NULL, 0, 1, -1, 0, 276, 0),
	(1589, 130, 5, 276, 5, 197, NULL, 0, 1, -1, 0, 275, 0),
	(1590, 130, 5, 275, 1, 220, NULL, 0, 1, -1, 0, 276, 0),
	(1591, 130, 5, 275, 1, 220, NULL, 0, 1, -1, 0, 276, 0),
	(1592, 130, 5, 275, 1, 220, NULL, 0, 1, -1, 0, 276, 0),
	(1593, 130, 5, 275, 1, 220, NULL, 0, 1, -1, 0, 276, 0),
	(1594, 130, 5, 276, 5, 197, NULL, 0, 1, -1, 0, 275, 0),
	(1595, 130, 5, 275, 1, 220, NULL, 0, 1, -1, 0, 276, 0),
	(1596, 130, 5, 276, 5, 197, NULL, 0, 1, -1, 0, 275, 0),
	(1597, 130, 5, 275, 1, 220, NULL, 0, 1, -1, 0, 276, 0),
	(1598, 130, 5, 275, 1, 220, NULL, 0, 1, -1, 0, 276, 0),
	(1599, 130, 5, 275, 1, 220, NULL, 0, 1, -1, 0, 276, 0),
	(1600, 130, 5, 276, 5, 197, NULL, 0, 1, -1, 0, 275, 0),
	(1601, 130, 5, 275, 1, 220, NULL, 0, 1, -1, 0, 276, 0),
	(1602, 130, 5, 276, 5, 197, NULL, 0, 1, -1, 0, 275, 0),
	(1603, 130, 5, 275, 1, 220, NULL, 0, 1, -1, 0, 276, 0),
	(1604, 130, 5, 275, 1, 220, NULL, 0, 1, -1, 0, 276, 0),
	(1605, 130, 5, 275, 1, 220, NULL, 0, 1, -1, 0, 276, 0),
	(1606, 130, 5, 275, 1, 220, NULL, 0, 1, -1, 0, 276, 0),
	(1607, 130, 5, 276, 5, 197, NULL, 0, 1, -1, 0, 275, 0),
	(1608, 130, 5, 275, 1, 220, NULL, 0, 1, -1, 0, 276, 0),
	(1609, 130, 5, 276, 5, 197, NULL, 0, 1, -1, 0, 275, 0),
	(1610, 130, 5, 275, 1, 220, NULL, 0, 1, -1, 0, 276, 0),
	(1611, 130, 5, 276, 5, 197, NULL, 0, 1, -1, 0, 275, 0),
	(1612, 130, 5, 275, 1, 220, NULL, 0, 1, -1, 0, 276, 0),
	(1613, 130, 5, 276, 5, 197, NULL, 0, 1, -1, 0, 275, 0),
	(1614, 130, 5, 275, 1, 220, NULL, 0, 1, -1, 0, 276, 0),
	(1615, 130, 5, 276, 5, 197, NULL, 0, 1, -1, 0, 275, 0),
	(1616, 130, 5, 275, 1, 220, NULL, 0, 1, -1, 0, 276, 0),
	(1617, 130, 5, 276, 5, 197, NULL, 0, 1, -1, 0, 275, 0),
	(1618, 130, 5, 276, 5, 197, NULL, 0, 1, -1, 0, 275, 0),
	(1619, 130, 5, 276, 5, 197, NULL, 0, 1, -1, 0, 275, 0),
	(1620, 130, 5, 276, 5, 197, NULL, 0, 1, -1, 0, 275, 0),
	(1621, 130, 5, 275, 1, 220, NULL, 0, 1, -1, 0, 276, 0),
	(1622, 130, 5, 276, 5, 197, NULL, 0, 1, -1, 0, 275, 0),
	(1623, 130, 5, 275, 1, 220, NULL, 0, 1, -1, 0, 276, 0),
	(1624, 130, 5, 276, 5, 197, NULL, 0, 1, -1, 0, 275, 0),
	(1625, 130, 5, 276, 5, 197, NULL, 0, 1, -1, 0, 275, 0),
	(1626, 130, 5, 276, 5, 197, NULL, 0, 1, -1, 0, 275, 0),
	(1627, 130, 5, 276, 5, 197, NULL, 0, 1, -1, 0, 275, 0),
	(1628, 130, 5, 275, 1, 220, NULL, 0, 1, -1, 0, 276, 0),
	(1629, 130, 5, 276, 5, 197, NULL, 0, 1, -1, 0, 275, 0),
	(1630, 130, 5, 275, 1, 220, NULL, 0, 1, -1, 0, 276, 0),
	(1631, 130, 5, 276, 5, 197, NULL, 0, 1, -1, 0, 275, 0),
	(1632, 130, 5, 275, 1, 220, NULL, 0, 1, -1, 0, 276, 0),
	(1633, 130, 5, 276, 5, 197, NULL, 0, 1, -1, 0, 275, 0),
	(1634, 130, 5, 275, 1, 220, NULL, 0, 1, -1, 0, 276, 0),
	(1635, 130, 5, 276, 5, 197, NULL, 0, 1, -1, 0, 275, 0),
	(1636, 130, 5, 275, 1, 220, NULL, 0, 1, -1, 0, 276, 0),
	(1637, 130, 5, 275, 1, 220, NULL, 0, 1, -1, 0, 276, 0),
	(1638, 130, 5, 276, 5, 197, NULL, 0, 1, -1, 0, 275, 0),
	(1639, 130, 5, 275, 1, 220, NULL, 0, 1, -1, 0, 276, 0),
	(1640, 130, 5, 276, 5, 197, NULL, 0, 1, -1, 0, 275, 0),
	(1641, 130, 5, 275, 1, 220, NULL, 0, 1, -1, 0, 276, 0),
	(1642, 130, 5, 276, 5, 197, NULL, 0, 1, -1, 0, 275, 0),
	(1643, 130, 5, 275, 1, 220, NULL, 0, 1, -1, 0, 276, 0),
	(1644, 130, 5, 276, 5, 197, NULL, 0, 1, -1, 0, 275, 0),
	(1645, 130, 5, 275, 1, 220, NULL, 0, 1, -1, 0, 276, 0),
	(1646, 130, 5, 276, 5, 197, NULL, 0, 1, -1, 0, 275, 0),
	(1647, 130, 5, 275, 1, 220, NULL, 0, 1, -1, 0, 276, 0),
	(1648, 130, 5, 276, 5, 197, NULL, 0, 1, -1, 0, 275, 0),
	(1649, 130, 5, 275, 1, 220, NULL, 0, 1, -1, 0, 276, 0),
	(1650, 130, 5, 276, 5, 197, NULL, 0, 1, -1, 0, 275, 0),
	(1651, 130, 5, 275, 1, 220, NULL, 0, 1, -1, 0, 276, 0),
	(1652, 130, 5, 276, 5, 197, NULL, 0, 1, -1, 0, 275, 0),
	(1653, 130, 5, 275, 1, 220, NULL, 0, 1, -1, 0, 276, 0),
	(1654, 130, 5, 276, 5, 197, NULL, 0, 1, -1, 0, 275, 0),
	(1655, 130, 5, 275, 1, 220, NULL, 0, 1, -1, 0, 276, 0),
	(1656, 130, 5, 276, 5, 197, NULL, 0, 1, -1, 0, 275, 0),
	(1657, 130, 5, 275, 1, 220, NULL, 0, 1, -1, 0, 276, 0),
	(1658, 130, 5, 276, 5, 197, NULL, 0, 1, -1, 0, 275, 0),
	(1659, 130, 5, 275, 1, 220, NULL, 0, 1, -1, 0, 276, 0),
	(1660, 130, 5, 275, 1, 220, NULL, 0, 1, -1, 0, 276, 0),
	(1661, 130, 5, 276, 5, 197, NULL, 0, 1, -1, 0, 275, 0),
	(1662, 130, 5, 275, 1, 220, NULL, 0, 1, -1, 0, 276, 0),
	(1663, 130, 5, 276, 5, 197, NULL, 0, 1, -1, 0, 275, 0),
	(1664, 130, 5, 275, 1, 220, NULL, 0, 1, -1, 0, 276, 0),
	(1665, 130, 5, 276, 5, 197, NULL, 0, 1, -1, 0, 275, 0),
	(1666, 130, 5, 275, 1, 220, NULL, 0, 1, -1, 0, 276, 0),
	(1667, 130, 5, 276, 5, 197, NULL, 0, 1, -1, 0, 275, 0),
	(1668, 130, 5, 275, 1, 220, NULL, 0, 1, -1, 0, 276, 0),
	(1669, 130, 5, 276, 5, 197, NULL, 0, 1, -1, 0, 275, 0),
	(1670, 130, 5, 275, 1, 220, NULL, 0, 1, -1, 0, 276, 0),
	(1671, 130, 5, 275, 1, 220, NULL, 0, 1, -1, 0, 276, 0),
	(1672, 130, 5, 276, 5, 197, NULL, 0, 1, -1, 0, 275, 0),
	(1673, 130, 5, 275, 1, 220, NULL, 0, 1, -1, 0, 276, 0),
	(1674, 130, 5, 276, 5, 197, NULL, 0, 1, -1, 0, 275, 0),
	(1675, 130, 5, 275, 1, 220, NULL, 0, 1, -1, 0, 276, 0),
	(1676, 130, 5, 276, 5, 197, NULL, 0, 1, -1, 0, 275, 0),
	(1677, 130, 5, 275, 1, 220, NULL, 0, 1, -1, 0, 276, 0),
	(1678, 130, 5, 276, 5, 197, NULL, 0, 1, -1, 0, 275, 0),
	(1679, 130, 5, 275, 1, 220, NULL, 0, 1, -1, 0, 276, 0),
	(1680, 130, 5, 276, 5, 197, NULL, 0, 1, -1, 0, 275, 0),
	(1681, 130, 5, 275, 1, 220, NULL, 0, 1, -1, 0, 276, 0),
	(1682, 130, 5, 276, 5, 197, NULL, 0, 1, -1, 0, 275, 0),
	(1683, 130, 5, 275, 1, 220, NULL, 0, 1, -1, 0, 276, 0),
	(1684, 130, 5, 276, 5, 197, NULL, 0, 1, -1, 0, 275, 0),
	(1685, 130, 5, 275, 1, 220, NULL, 0, 1, -1, 0, 276, 0),
	(1686, 130, 5, 276, 5, 197, NULL, 0, 1, -1, 0, 275, 0),
	(1687, 130, 5, 275, 1, 220, NULL, 0, 1, -1, 0, 276, 0),
	(1688, 130, 5, 276, 5, 197, NULL, 0, 1, -1, 0, 275, 0),
	(1689, 130, 5, 275, 1, 220, NULL, 0, 1, -1, 0, 276, 0),
	(1690, 130, 5, 276, 5, 197, NULL, 0, 1, -1, 0, 275, 0),
	(1691, 130, 5, 275, 1, 220, NULL, 0, 1, -1, 0, 276, 0),
	(1692, 130, 5, 276, 5, 197, NULL, 0, 1, -1, 0, 275, 0),
	(1693, 130, 5, 275, 1, 220, NULL, 0, 1, -1, 0, 276, 0),
	(1694, 130, 5, 276, 5, 197, NULL, 0, 1, -1, 0, 275, 0),
	(1695, 130, 5, 275, 1, 220, NULL, 0, 1, -1, 0, 276, 0),
	(1696, 130, 5, 276, 5, 197, NULL, 0, 1, -1, 0, 275, 0),
	(1697, 130, 5, 276, 5, 197, NULL, 0, 1, -1, 0, 275, 0),
	(1698, 130, 5, 276, 5, 197, NULL, 0, 1, -1, 0, 275, 0),
	(1699, 130, 5, 275, 1, 220, NULL, 0, 1, -1, 0, 276, 0),
	(1700, 130, 5, 275, 1, 220, NULL, 0, 1, -1, 0, 276, 0),
	(1701, 130, 5, 276, 5, 197, NULL, 0, 1, -1, 0, 275, 0),
	(1702, 130, 5, 275, 1, 220, NULL, 0, 1, -1, 0, 276, 0),
	(1703, 130, 5, 276, 5, 197, NULL, 0, 1, -1, 0, 275, 0),
	(1704, 130, 5, 275, 1, 220, NULL, 0, 1, -1, 0, 276, 0),
	(1705, 130, 5, 276, 5, 197, NULL, 0, 1, -1, 0, 275, 0),
	(1706, 130, 5, 275, 1, 220, NULL, 0, 1, -1, 0, 276, 0),
	(1707, 130, 5, 276, 5, 197, NULL, 0, 1, -1, 0, 275, 0),
	(1708, 130, 5, 275, 1, 220, NULL, 0, 1, -1, 0, 276, 0),
	(1709, 130, 5, 276, 5, 197, NULL, 0, 1, -1, 0, 275, 0),
	(1710, 130, 5, 275, 1, 220, NULL, 0, 1, -1, 0, 276, 0),
	(1711, 130, 5, 276, 5, 197, NULL, 0, 1, -1, 0, 275, 0),
	(1712, 130, 5, 275, 1, 220, NULL, 0, 1, -1, 0, 276, 0),
	(1713, 130, 5, 276, 5, 197, NULL, 0, 1, -1, 0, 275, 0),
	(1714, 130, 5, 275, 1, 220, NULL, 0, 1, -1, 0, 276, 0),
	(1715, 130, 5, 276, 5, 197, NULL, 0, 1, -1, 0, 275, 0),
	(1716, 130, 5, 275, 1, 220, NULL, 0, 1, -1, 0, 276, 0),
	(1717, 130, 5, 276, 5, 197, NULL, 0, 1, -1, 0, 275, 0),
	(1718, 130, 5, 275, 1, 220, NULL, 0, 1, -1, 0, 276, 0),
	(1719, 130, 5, 276, 5, 197, NULL, 0, 1, -1, 0, 275, 0),
	(1720, 130, 5, 275, 1, 220, NULL, 0, 1, -1, 0, 276, 0),
	(1721, 130, 5, 275, 1, 220, NULL, 0, 1, -1, 0, 276, 0),
	(1722, 130, 5, 276, 5, 197, NULL, 0, 1, -1, 0, 275, 0),
	(1723, 130, 5, 275, 1, 220, NULL, 0, 1, -1, 0, 276, 0),
	(1724, 130, 5, 276, 5, 197, NULL, 0, 1, -1, 0, 275, 0),
	(1725, 130, 5, 275, 1, 220, NULL, 0, 1, -1, 0, 276, 0),
	(1726, 130, 5, 276, 5, 197, NULL, 0, 1, -1, 0, 275, 0),
	(1727, 130, 5, 275, 1, 220, NULL, 0, 1, -1, 0, 276, 0),
	(1728, 130, 5, 276, 5, 197, NULL, 0, 1, -1, 0, 275, 0),
	(1729, 130, 5, 276, 5, 197, NULL, 0, 1, -1, 0, 275, 0),
	(1730, 130, 5, 276, 5, 197, NULL, 0, 1, -1, 0, 275, 0),
	(1731, 130, 5, 276, 5, 197, NULL, 0, 1, -1, 0, 275, 0),
	(1732, 130, 5, 276, 5, 197, NULL, 0, 1, -1, 0, 275, 0),
	(1733, 130, 5, 276, 5, 197, NULL, 0, 1, -1, 0, 275, 0),
	(1734, 130, 5, 276, 5, 197, NULL, 0, 1, -1, 0, 275, 0),
	(1735, 130, 5, 276, 5, 197, NULL, 0, 1, -1, 0, 275, 0),
	(1736, 130, 5, 276, 5, 197, NULL, 0, 1, -1, 0, 275, 0),
	(1737, 130, 5, 276, 5, 197, NULL, 0, 1, -1, 0, 275, 0),
	(1738, 130, 5, 276, 5, 197, NULL, 0, 1, -1, 0, 275, 0),
	(1739, 130, 5, 276, 5, 197, NULL, 0, 1, -1, 0, 275, 0),
	(1740, 130, 5, 276, 5, 197, NULL, 0, 1, -1, 0, 275, 0),
	(1741, 130, 5, 276, 5, 197, NULL, 0, 1, -1, 0, 275, 0),
	(1742, 130, 5, 276, 5, 197, NULL, 0, 1, -1, 0, 275, 0),
	(1743, 130, 5, 276, 5, 197, NULL, 0, 1, -1, 0, 275, 0),
	(1744, 130, 5, 276, 5, 197, NULL, 0, 1, -1, 0, 275, 0),
	(1745, 130, 5, 276, 5, 197, NULL, 0, 1, -1, 0, 275, 0),
	(1746, 130, 5, 276, 5, 197, NULL, 0, 1, -1, 0, 275, 0),
	(1747, 130, 5, 276, 5, 197, NULL, 0, 1, -1, 0, 275, 0),
	(1748, 130, 5, 276, 5, 197, NULL, 0, 1, -1, 0, 275, 0),
	(1749, 130, 5, 276, 5, 197, NULL, 0, 1, -1, 0, 275, 0),
	(1750, 130, 5, 276, 5, 197, NULL, 0, 1, -1, 0, 275, 0),
	(1751, 130, 5, 276, 5, 197, NULL, 0, 1, -1, 0, 275, 0),
	(1752, 130, 5, 276, 5, 197, NULL, 0, 1, -1, 0, 275, 0),
	(1753, 130, 5, 276, 5, 197, NULL, 0, 1, -1, 0, 275, 0),
	(1754, 130, 5, 276, 5, 197, NULL, 0, 1, -1, 0, 275, 0),
	(1755, 130, 5, 276, 5, 197, NULL, 0, 1, -1, 0, 275, 0),
	(1756, 130, 5, 276, 5, 197, NULL, 0, 1, -1, 0, 275, 0),
	(1757, 130, 5, 275, 2, 199, 972, 1, 0, 1, 0, NULL, 0),
	(1758, 130, 5, 276, 5, 197, NULL, 0, 1, -1, 0, 275, 0),
	(1759, 130, 5, 276, 5, 197, NULL, 0, 1, -1, 0, 275, 0),
	(1760, 130, 5, 276, 5, 197, NULL, 0, 1, -1, 0, 275, 0),
	(1761, 130, 5, 276, 5, 197, NULL, 0, 1, -1, 0, 275, 0),
	(1762, 130, 5, 276, 5, 197, NULL, 0, 1, -1, 0, 275, 0),
	(1763, 130, 5, 276, 5, 197, NULL, 0, 1, -1, 0, 275, 0),
	(1764, 130, 5, 276, 5, 197, NULL, 0, 1, -1, 0, 275, 0),
	(1765, 130, 5, 276, 5, 197, NULL, 0, 1, -1, 0, 275, 0),
	(1766, 130, 5, 276, 5, 197, NULL, 0, 1, -1, 0, 275, 0),
	(1767, 130, 5, 276, 5, 197, NULL, 0, 1, -1, 0, 275, 0),
	(1768, 130, 5, 276, 5, 197, NULL, 0, 1, -1, 0, 275, 0),
	(1769, 130, 5, 276, 5, 197, NULL, 0, 1, -1, 0, 275, 0),
	(1770, 130, 5, 276, 5, 197, NULL, 0, 1, -1, 0, 275, 0),
	(1771, 130, 5, 276, 5, 197, NULL, 0, 1, -1, 0, 275, 0),
	(1772, 130, 5, 276, 5, 197, NULL, 0, 1, -1, 0, 275, 0),
	(1773, 130, 5, 276, 5, 197, NULL, 0, 1, -1, 0, 275, 0),
	(1774, 130, 5, 276, 5, 197, NULL, 0, 1, -1, 0, 275, 0),
	(1775, 130, 5, 276, 5, 197, NULL, 0, 1, -1, 0, 275, 0),
	(1776, 130, 5, 276, 5, 197, NULL, 0, 1, -1, 0, 275, 0),
	(1777, 130, 5, 276, 5, 197, NULL, 0, 1, -1, 0, 275, 0),
	(1778, 130, 5, 276, 5, 197, NULL, 0, 1, -1, 0, 275, 0),
	(1779, 130, 5, 276, 5, 197, NULL, 0, 1, -1, 0, 275, 0),
	(1780, 130, 5, 276, 5, 197, NULL, 0, 1, -1, 0, 275, 0),
	(1781, 130, 5, 276, 5, 197, NULL, 0, 1, -1, 0, 275, 0),
	(1782, 130, 5, 276, 5, 197, NULL, 0, 1, -1, 0, 275, 0),
	(1783, 130, 5, 276, 5, 197, NULL, 0, 1, -1, 0, 275, 0),
	(1784, 130, 5, 276, 5, 197, NULL, 0, 1, -1, 0, 275, 0),
	(1785, 130, 5, 276, 5, 197, NULL, 0, 1, -1, 0, 275, 0),
	(1786, 130, 5, 276, 5, 197, NULL, 0, 1, -1, 0, 275, 0),
	(1787, 130, 5, 276, 5, 197, NULL, 0, 1, -1, 0, 275, 0),
	(1788, 130, 5, 276, 5, 197, NULL, 0, 1, -1, 0, 275, 0),
	(1789, 130, 5, 276, 5, 197, NULL, 0, 1, -1, 0, 275, 0),
	(1790, 130, 5, 276, 5, 197, NULL, 0, 1, -1, 0, 275, 0),
	(1791, 130, 5, 276, 5, 197, NULL, 0, 1, -1, 0, 275, 0),
	(1792, 130, 5, 276, 5, 197, NULL, 0, 1, -1, 0, 275, 0),
	(1793, 130, 5, 276, 5, 197, NULL, 0, 1, -1, 0, 275, 0),
	(1794, 130, 5, 276, 5, 197, NULL, 0, 1, -1, 0, 275, 0),
	(1795, 130, 5, 276, 5, 197, NULL, 0, 1, -1, 0, 275, 0),
	(1796, 130, 5, 276, 5, 197, NULL, 0, 1, -1, 0, 275, 0),
	(1797, 130, 5, 276, 5, 197, NULL, 0, 1, -1, 0, 275, 0),
	(1798, 130, 5, 276, 5, 197, NULL, 0, 1, -1, 0, 275, 0),
	(1799, 130, 5, 275, 3, 201, 981, 0, 1, -2, 0, 276, 1),
	(1800, 130, 5, 276, 5, 197, NULL, 0, 1, -1, 0, 275, 0),
	(1801, 130, 5, 275, 3, 201, NULL, 0, 1, -2, 0, 276, 1),
	(1802, 130, 5, 276, 5, 197, NULL, 0, 1, -1, 0, 275, 0),
	(1803, 130, 5, 275, 3, 201, NULL, 0, 1, -2, 0, 276, 1),
	(1804, 130, 5, 276, 5, 197, NULL, 0, 1, -1, 0, 275, 0),
	(1805, 130, 5, 275, 3, 201, NULL, 0, 1, -2, 0, 276, 1),
	(1806, 130, 5, 276, 5, 197, NULL, 0, 1, -1, 0, 275, 0),
	(1807, 130, 5, 275, 3, 201, NULL, 0, 1, -2, 0, 276, 1),
	(1808, 130, 5, 276, 5, 197, NULL, 0, 1, -1, 0, 275, 0),
	(1809, 130, 5, 275, 3, 201, NULL, 0, 0, 0, 0, NULL, 1),
	(1810, 130, 5, 276, 5, 197, NULL, 0, 1, -1, 0, 275, 0),
	(1811, 130, 5, 276, 5, 197, NULL, 0, 1, -1, 0, 275, 0),
	(1812, 130, 5, 276, 5, 197, NULL, 0, 1, -1, 0, 275, 0),
	(1813, 130, 5, 276, 5, 197, NULL, 0, 1, -1, 0, 275, 0),
	(1814, 130, 5, 276, 5, 197, NULL, 0, 1, -1, 0, 275, 0),
	(1815, 130, 5, 276, 5, 197, NULL, 0, 1, -1, 0, 275, 0),
	(1816, 130, 5, 276, 5, 197, NULL, 0, 1, -1, 0, 275, 0),
	(1817, 130, 5, 276, 5, 197, NULL, 0, 1, -1, 0, 275, 0),
	(1818, 130, 5, 276, 5, 197, NULL, 0, 1, -1, 0, 275, 0),
	(1819, 130, 5, 276, 5, 197, NULL, 0, 1, -1, 0, 275, 0),
	(1820, 130, 5, 276, 5, 197, NULL, 0, 1, -1, 0, 275, 0),
	(1821, 130, 5, 276, 5, 197, NULL, 0, 1, -1, 0, 275, 0),
	(1822, 130, 5, 276, 5, 197, NULL, 0, 1, -1, 0, 275, 0),
	(1823, 130, 5, 276, 5, 197, NULL, 0, 1, -1, 0, 275, 0),
	(1824, 130, 5, 276, 5, 197, NULL, 0, 1, -1, 0, 275, 0),
	(1825, 130, 5, 276, 5, 197, NULL, 0, 1, -1, 0, 275, 0),
	(1826, 130, 5, 276, 5, 197, NULL, 0, 1, -1, 0, 275, 0),
	(1827, 130, 5, 276, 5, 197, NULL, 0, 1, -1, 0, 275, 0),
	(1828, 130, 5, 276, 5, 197, NULL, 0, 1, -1, 0, 275, 0),
	(1829, 130, 5, 276, 5, 197, NULL, 0, 1, -1, 0, 275, 0),
	(1830, 130, 5, 276, 5, 197, NULL, 0, 1, -1, 0, 275, 0),
	(1831, 130, 5, 276, 5, 197, NULL, 0, 1, -1, 0, 275, 0),
	(1832, 130, 5, 276, 5, 197, NULL, 0, 1, -1, 0, 275, 0),
	(1833, 130, 5, 276, 5, 197, NULL, 0, 1, -1, 0, 275, 0),
	(1834, 130, 5, 276, 5, 197, NULL, 0, 1, -1, 0, 275, 0),
	(1835, 130, 5, 276, 5, 197, NULL, 0, 1, -1, 0, 275, 0),
	(1836, 130, 5, 276, 5, 197, NULL, 0, 1, -1, 0, 275, 0),
	(1837, 130, 5, 276, 5, 197, NULL, 0, 1, -1, 0, 275, 0),
	(1838, 130, 5, 276, 5, 197, NULL, 0, 1, -1, 0, 275, 0),
	(1839, 130, 5, 276, 5, 197, NULL, 0, 1, -1, 0, 275, 0),
	(1840, 130, 5, 276, 5, 197, NULL, 0, 1, -1, 0, 275, 0),
	(1841, 130, 5, 276, 5, 197, NULL, 0, 1, -1, 0, 275, 0),
	(1842, 130, 5, 276, 5, 197, NULL, 0, 1, -1, 0, 275, 0),
	(1843, 130, 5, 276, 5, 197, NULL, 0, 1, -1, 0, 275, 0),
	(1844, 130, 5, 276, 5, 197, NULL, 0, 1, -1, 0, 275, 0),
	(1845, 130, 5, 276, 5, 197, NULL, 0, 1, -1, 0, 275, 0),
	(1846, 130, 5, 276, 5, 197, NULL, 0, 1, -1, 0, 275, 0),
	(1847, 130, 5, 276, 5, 197, NULL, 0, 1, -1, 0, 275, 0),
	(1848, 130, 5, 276, 5, 197, NULL, 0, 1, -1, 0, 275, 0),
	(1849, 130, 5, 276, 5, 197, NULL, 0, 1, -1, 0, 275, 0),
	(1850, 130, 5, 276, 5, 197, NULL, 0, 1, -1, 0, 275, 0),
	(1851, 130, 5, 276, 5, 197, NULL, 0, 1, -1, 0, 275, 0),
	(1852, 130, 5, 276, 5, 197, NULL, 0, 1, -1, 0, 275, 0),
	(1853, 130, 5, 276, 5, 197, NULL, 0, 1, -1, 0, 275, 0),
	(1854, 130, 5, 276, 5, 197, NULL, 0, 1, -1, 0, 275, 0),
	(1855, 130, 5, 276, 5, 197, NULL, 0, 1, -1, 0, 275, 0),
	(1856, 130, 5, 276, 5, 197, NULL, 0, 1, -1, 0, 275, 0),
	(1857, 130, 5, 276, 5, 197, NULL, 0, 1, -1, 0, 275, 0),
	(1858, 130, 5, 276, 5, 197, NULL, 0, 1, -1, 0, 275, 0),
	(1859, 130, 5, 276, 5, 197, NULL, 0, 1, -1, 0, 275, 0),
	(1860, 130, 5, 276, 5, 197, NULL, 0, 1, -1, 0, 275, 0),
	(1861, 130, 5, 276, 5, 197, NULL, 0, 1, -1, 0, 275, 0),
	(1862, 130, 5, 276, 5, 197, NULL, 0, 1, -1, 0, 275, 0),
	(1863, 130, 5, 276, 5, 197, NULL, 0, 1, -1, 0, 275, 0),
	(1864, 130, 5, 276, 5, 197, NULL, 0, 1, -1, 0, 275, 0),
	(1865, 130, 5, 276, 5, 197, NULL, 0, 1, -1, 0, 275, 0),
	(1866, 130, 5, 276, 5, 197, NULL, 0, 1, -1, 0, 275, 0),
	(1867, 130, 5, 276, 5, 197, NULL, 0, 1, -1, 0, 275, 0),
	(1868, 130, 5, 276, 5, 197, NULL, 0, 1, -1, 0, 275, 0),
	(1869, 130, 5, 276, 5, 197, NULL, 0, 1, -1, 0, 275, 0),
	(1870, 130, 5, 276, 5, 197, NULL, 0, 1, -1, 0, 275, 0),
	(1871, 130, 5, 276, 5, 197, NULL, 0, 1, -1, 0, 275, 0),
	(1872, 130, 5, 276, 5, 197, NULL, 0, 1, -1, 0, 275, 0),
	(1873, 130, 5, 276, 5, 197, NULL, 0, 1, -1, 0, 275, 0),
	(1874, 130, 5, 276, 5, 197, NULL, 0, 1, -1, 0, 275, 0),
	(1875, 130, 5, 276, 5, 197, NULL, 0, 1, -1, 0, 275, 0),
	(1876, 130, 5, 276, 5, 197, NULL, 0, 1, -1, 0, 275, 0),
	(1877, 130, 5, 276, 5, 197, NULL, 0, 1, -1, 0, 275, 0),
	(1878, 130, 5, 276, 5, 197, NULL, 0, 1, -1, 0, 275, 0),
	(1879, 130, 5, 276, 5, 197, NULL, 0, 1, -1, 0, 275, 0),
	(1880, 130, 5, 276, 5, 197, NULL, 0, 1, -1, 0, 275, 0),
	(1881, 130, 5, 276, 5, 197, NULL, 0, 1, -1, 0, 275, 0),
	(1882, 130, 5, 276, 5, 197, NULL, 0, 1, -1, 0, 275, 0),
	(1883, 130, 5, 276, 5, 197, NULL, 0, 1, -1, 0, 275, 0),
	(1884, 130, 5, 276, 5, 197, NULL, 0, 1, -1, 0, 275, 0),
	(1885, 130, 5, 276, 5, 197, NULL, 0, 1, -1, 0, 275, 0),
	(1886, 130, 5, 276, 5, 197, NULL, 0, 1, -1, 0, 275, 0),
	(1887, 130, 5, 276, 5, 197, NULL, 0, 1, -1, 0, 275, 0),
	(1888, 130, 5, 276, 5, 197, NULL, 0, 1, -1, 0, 275, 0),
	(1889, 130, 5, 276, 5, 197, NULL, 0, 1, -1, 0, 275, 0),
	(1890, 130, 5, 276, 5, 197, NULL, 0, 1, -1, 0, 275, 0),
	(1891, 130, 5, 276, 5, 197, NULL, 0, 1, -1, 0, 275, 0),
	(1892, 130, 5, 276, 5, 197, NULL, 0, 1, -1, 0, 275, 0),
	(1893, 130, 5, 276, 5, 197, NULL, 0, 1, -1, 0, 275, 0),
	(1894, 130, 5, 276, 5, 197, NULL, 0, 1, -1, 0, 275, 0),
	(1895, 130, 5, 276, 5, 197, NULL, 0, 1, -1, 0, 275, 0),
	(1896, 130, 5, 276, 5, 197, NULL, 0, 1, -1, 0, 275, 0),
	(1897, 130, 5, 276, 5, 197, NULL, 0, 1, -1, 0, 275, 0),
	(1898, 130, 5, 276, 5, 197, NULL, 0, 1, -1, 0, 275, 0),
	(1899, 130, 5, 276, 5, 197, NULL, 0, 1, -1, 0, 275, 0),
	(1900, 130, 5, 276, 5, 197, NULL, 0, 1, -1, 0, 275, 0),
	(1901, 130, 5, 276, 5, 197, NULL, 0, 1, -1, 0, 275, 0),
	(1902, 130, 5, 276, 5, 197, NULL, 0, 1, -1, 0, 275, 0),
	(1903, 130, 5, 276, 5, 197, NULL, 0, 1, -1, 0, 275, 0),
	(1904, 130, 5, 276, 5, 197, NULL, 0, 1, -1, 0, 275, 0),
	(1905, 130, 5, 276, 5, 197, NULL, 0, 1, -1, 0, 275, 0),
	(1906, 130, 5, 276, 5, 197, NULL, 0, 1, -1, 0, 275, 0),
	(1907, 130, 5, 276, 5, 197, NULL, 0, 1, -1, 0, 275, 0),
	(1908, 130, 5, 276, 5, 197, NULL, 0, 1, -1, 0, 275, 0),
	(1909, 130, 5, 276, 5, 197, NULL, 0, 1, -1, 0, 275, 0),
	(1910, 130, 5, 276, 5, 197, NULL, 0, 1, -1, 0, 275, 0),
	(1911, 130, 5, 276, 5, 197, NULL, 0, 1, -1, 0, 275, 0),
	(1912, 130, 5, 276, 5, 197, NULL, 0, 1, -1, 0, 275, 0),
	(1913, 130, 5, 276, 5, 197, NULL, 0, 1, -1, 0, 275, 0),
	(1914, 130, 5, 276, 5, 197, NULL, 0, 1, -1, 0, 275, 0),
	(1915, 130, 5, 276, 5, 197, NULL, 0, 1, -1, 0, 275, 0),
	(1916, 130, 5, 276, 5, 197, NULL, 0, 1, -1, 0, 275, 0),
	(1917, 130, 5, 276, 5, 197, NULL, 0, 1, -1, 0, 275, 0),
	(1918, 130, 5, 276, 5, 197, NULL, 0, 1, -1, 0, 275, 0),
	(1919, 130, 5, 276, 5, 197, NULL, 0, 1, -1, 0, 275, 0),
	(1920, 130, 5, 276, 5, 197, NULL, 0, 1, -1, 0, 275, 0),
	(1921, 130, 5, 276, 5, 197, NULL, 0, 1, -1, 0, 275, 0),
	(1922, 130, 5, 276, 5, 197, NULL, 0, 1, -1, 0, 275, 0),
	(1923, 130, 5, 276, 5, 197, NULL, 0, 1, -1, 0, 275, 0),
	(1924, 130, 5, 276, 5, 197, NULL, 0, 1, -1, 0, 275, 0),
	(1925, 130, 5, 276, 5, 197, NULL, 0, 1, -1, 0, 275, 0),
	(1926, 130, 5, 276, 5, 197, NULL, 0, 1, -1, 0, 275, 0),
	(1927, 130, 5, 276, 5, 197, NULL, 0, 1, -1, 0, 275, 0),
	(1928, 130, 5, 276, 5, 197, NULL, 0, 1, -1, 0, 275, 0),
	(1929, 130, 5, 276, 5, 197, NULL, 0, 1, -1, 0, 275, 0),
	(1930, 130, 5, 276, 5, 197, NULL, 0, 1, -1, 0, 275, 0),
	(1931, 130, 5, 276, 5, 197, NULL, 0, 1, -1, 0, 275, 0),
	(1932, 130, 5, 276, 5, 197, NULL, 0, 1, -1, 0, 275, 0),
	(1933, 130, 5, 276, 5, 197, NULL, 0, 1, -1, 0, 275, 0),
	(1934, 130, 5, 276, 5, 197, NULL, 0, 1, -1, 0, 275, 0),
	(1935, 130, 5, 276, 5, 197, NULL, 0, 1, -1, 0, 275, 0),
	(1936, 130, 5, 276, 5, 197, NULL, 0, 1, -1, 0, 275, 0),
	(1937, 130, 5, 276, 5, 197, NULL, 0, 1, -1, 0, 275, 0),
	(1938, 130, 5, 276, 5, 197, NULL, 0, 1, -1, 0, 275, 0),
	(1939, 130, 5, 276, 5, 197, NULL, 0, 1, -1, 0, 275, 0),
	(1940, 130, 5, 276, 5, 197, NULL, 0, 1, -1, 0, 275, 0),
	(1941, 130, 5, 276, 5, 197, NULL, 0, 1, -1, 0, 275, 0),
	(1942, 130, 5, 276, 5, 197, NULL, 0, 1, -1, 0, 275, 0),
	(1943, 130, 5, 276, 5, 197, NULL, 0, 1, -1, 0, 275, 0),
	(1944, 130, 5, 276, 5, 197, NULL, 0, 1, -1, 0, 275, 0),
	(1945, 130, 5, 276, 5, 197, NULL, 0, 1, -1, 0, 275, 0),
	(1946, 130, 5, 276, 5, 197, NULL, 0, 1, -1, 0, 275, 0),
	(1947, 130, 5, 276, 5, 197, NULL, 0, 1, -1, 0, 275, 0),
	(1948, 130, 5, 276, 5, 197, NULL, 0, 1, -1, 0, 275, 0),
	(1949, 130, 5, 276, 5, 197, NULL, 0, 1, -1, 0, 275, 0),
	(1950, 130, 5, 276, 5, 197, NULL, 0, 1, -1, 0, 275, 0),
	(1951, 130, 5, 276, 5, 197, NULL, 0, 1, -1, 0, 275, 0),
	(1952, 130, 5, 276, 5, 197, NULL, 0, 1, -1, 0, 275, 0),
	(1953, 130, 5, 276, 5, 197, NULL, 0, 1, -1, 0, 275, 0),
	(1954, 130, 5, 276, 5, 197, NULL, 0, 1, -1, 0, 275, 0),
	(1955, 130, 5, 276, 5, 197, NULL, 0, 1, -1, 0, 275, 0),
	(1956, 130, 5, 276, 5, 197, NULL, 0, 1, -1, 0, 275, 0),
	(1957, 130, 5, 276, 5, 197, NULL, 0, 1, -1, 0, 275, 0),
	(1958, 130, 5, 276, 5, 197, NULL, 0, 1, -1, 0, 275, 0),
	(1959, 130, 5, 276, 5, 197, NULL, 0, 1, -1, 0, 275, 0),
	(1960, 130, 5, 276, 5, 197, NULL, 0, 1, -1, 0, 275, 0),
	(1961, 130, 5, 276, 5, 197, NULL, 0, 1, -1, 0, 275, 0),
	(1962, 130, 5, 276, 5, 197, NULL, 0, 1, -1, 0, 275, 0),
	(1963, 130, 5, 276, 5, 197, NULL, 0, 1, -1, 0, 275, 0),
	(1964, 130, 5, 276, 5, 197, NULL, 0, 1, -1, 0, 275, 0),
	(1965, 130, 5, 276, 5, 197, NULL, 0, 1, -1, 0, 275, 0),
	(1966, 130, 5, 276, 5, 197, NULL, 0, 1, -1, 0, 275, 0),
	(1967, 130, 5, 276, 5, 197, NULL, 0, 1, -1, 0, 275, 0),
	(1968, 130, 5, 276, 5, 197, NULL, 0, 1, -1, 0, 275, 0),
	(1969, 130, 5, 276, 5, 197, NULL, 0, 1, -1, 0, 275, 0),
	(1970, 130, 5, 276, 5, 197, NULL, 0, 1, -1, 0, 275, 0),
	(1971, 130, 5, 276, 5, 197, NULL, 0, 1, -1, 0, 275, 0),
	(1972, 130, 5, 276, 5, 197, NULL, 0, 1, -1, 0, 275, 0),
	(1973, 130, 5, 276, 5, 197, NULL, 0, 1, -1, 0, 275, 0),
	(1974, 130, 5, 276, 5, 197, NULL, 0, 1, -1, 0, 275, 0),
	(1975, 130, 5, 276, 5, 197, NULL, 0, 1, -1, 0, 275, 0),
	(1976, 130, 5, 276, 5, 197, NULL, 0, 1, -1, 0, 275, 0),
	(1977, 130, 5, 276, 5, 197, NULL, 0, 1, -1, 0, 275, 0),
	(1978, 130, 5, 276, 5, 197, NULL, 0, 1, -1, 0, 275, 0),
	(1979, 130, 5, 276, 5, 197, NULL, 0, 1, -1, 0, 275, 0),
	(1980, 130, 5, 276, 5, 197, NULL, 0, 1, -1, 0, 275, 0),
	(1981, 130, 5, 276, 5, 197, NULL, 0, 1, -1, 0, 275, 0),
	(1982, 130, 5, 276, 5, 197, NULL, 0, 1, -1, 0, 275, 0),
	(1983, 130, 5, 276, 5, 197, NULL, 0, 1, -1, 0, 275, 0),
	(1984, 130, 5, 276, 5, 197, NULL, 0, 1, -1, 0, 275, 0),
	(1985, 130, 5, 276, 5, 197, NULL, 0, 1, -1, 0, 275, 0),
	(1986, 130, 5, 276, 5, 197, NULL, 0, 1, -1, 0, 275, 0),
	(1987, 130, 5, 276, 5, 197, NULL, 0, 1, -1, 0, 275, 0),
	(1988, 130, 5, 276, 5, 197, NULL, 0, 1, -1, 0, 275, 0),
	(1989, 130, 5, 276, 5, 197, NULL, 0, 1, -1, 0, 275, 0),
	(1990, 130, 5, 276, 5, 197, NULL, 0, 1, -1, 0, 275, 0),
	(1991, 130, 5, 276, 5, 197, NULL, 0, 1, -1, 0, 275, 0),
	(1992, 130, 5, 276, 5, 197, NULL, 0, 1, -1, 0, 275, 0),
	(1993, 130, 5, 276, 5, 197, NULL, 0, 1, -1, 0, 275, 0),
	(1994, 130, 5, 276, 5, 197, NULL, 0, 1, -1, 0, 275, 0),
	(1995, 130, 5, 276, 5, 197, NULL, 0, 1, -1, 0, 275, 0),
	(1996, 130, 5, 276, 5, 197, NULL, 0, 1, -1, 0, 275, 0),
	(1997, 130, 5, 276, 5, 197, NULL, 0, 1, -1, 0, 275, 0),
	(1998, 130, 5, 276, 5, 197, NULL, 0, 1, -1, 0, 275, 0),
	(1999, 130, 5, 276, 5, 197, NULL, 0, 1, -1, 0, 275, 0),
	(2000, 130, 5, 276, 5, 197, NULL, 0, 1, -1, 0, 275, 0),
	(2001, 130, 5, 276, 5, 197, NULL, 0, 1, -1, 0, 275, 0),
	(2002, 130, 5, 276, 5, 197, NULL, 0, 1, -1, 0, 275, 0),
	(2003, 130, 5, 276, 5, 197, NULL, 0, 1, -1, 0, 275, 0),
	(2004, 130, 5, 276, 5, 197, NULL, 0, 1, -1, 0, 275, 0),
	(2005, 130, 5, 276, 5, 197, NULL, 0, 1, -1, 0, 275, 0),
	(2006, 130, 5, 276, 5, 197, NULL, 0, 1, -1, 0, 275, 0),
	(2007, 130, 5, 276, 5, 197, NULL, 0, 1, -1, 0, 275, 0),
	(2008, 130, 5, 276, 5, 197, NULL, 0, 1, -1, 0, 275, 0),
	(2009, 130, 5, 276, 5, 197, NULL, 0, 1, -1, 0, 275, 0),
	(2010, 130, 5, 276, 5, 197, NULL, 0, 1, -1, 0, 275, 0),
	(2011, 130, 5, 276, 5, 197, NULL, 0, 1, -1, 0, 275, 0),
	(2012, 130, 5, 276, 5, 197, NULL, 0, 1, -1, 0, 275, 0),
	(2013, 130, 5, 276, 5, 197, NULL, 0, 1, -1, 0, 275, 0),
	(2014, 130, 5, 276, 5, 197, NULL, 0, 1, -1, 0, 275, 0),
	(2015, 130, 5, 276, 5, 197, NULL, 0, 1, -1, 0, 275, 0),
	(2016, 130, 5, 276, 5, 197, NULL, 0, 1, -1, 0, 275, 0),
	(2017, 130, 5, 276, 5, 197, NULL, 0, 1, -1, 0, 275, 0),
	(2018, 130, 5, 276, 5, 197, NULL, 0, 1, -1, 0, 275, 0),
	(2019, 130, 5, 276, 5, 197, NULL, 0, 1, -1, 0, 275, 0),
	(2020, 130, 5, 276, 5, 197, NULL, 0, 1, -1, 0, 275, 0),
	(2021, 130, 5, 276, 5, 197, NULL, 0, 1, -1, 0, 275, 0),
	(2022, 130, 5, 276, 5, 197, NULL, 0, 1, -1, 0, 275, 0),
	(2023, 130, 5, 276, 5, 197, NULL, 0, 1, -1, 0, 275, 0),
	(2024, 130, 5, 276, 5, 197, NULL, 0, 1, -1, 0, 275, 0),
	(2025, 130, 5, 276, 5, 197, NULL, 0, 1, -1, 0, 275, 0),
	(2026, 130, 5, 276, 5, 197, NULL, 0, 1, -1, 0, 275, 0),
	(2027, 130, 5, 276, 5, 197, NULL, 0, 1, -1, 0, 275, 0),
	(2028, 130, 5, 276, 5, 197, NULL, 0, 1, -1, 0, 275, 0),
	(2029, 130, 5, 276, 5, 197, NULL, 0, 1, -1, 0, 275, 0),
	(2030, 130, 5, 276, 5, 197, NULL, 0, 1, -1, 0, 275, 0),
	(2031, 130, 5, 276, 5, 197, NULL, 0, 1, -1, 0, 275, 0),
	(2032, 130, 5, 276, 5, 197, NULL, 0, 1, -1, 0, 275, 0),
	(2033, 130, 5, 276, 5, 197, NULL, 0, 1, -1, 0, 275, 0),
	(2034, 130, 5, 276, 5, 197, NULL, 0, 1, -1, 0, 275, 0),
	(2035, 130, 5, 276, 5, 197, NULL, 0, 1, -1, 0, 275, 0),
	(2036, 130, 5, 276, 5, 197, NULL, 0, 1, -1, 0, 275, 0),
	(2037, 130, 5, 276, 5, 197, NULL, 0, 1, -1, 0, 275, 0),
	(2038, 130, 5, 276, 5, 197, NULL, 0, 1, -1, 0, 275, 0),
	(2039, 130, 5, 276, 5, 197, NULL, 0, 1, -1, 0, 275, 0),
	(2040, 130, 5, 276, 5, 197, NULL, 0, 1, -1, 0, 275, 0),
	(2041, 130, 5, 276, 5, 197, NULL, 0, 1, -1, 0, 275, 0),
	(2042, 130, 5, 276, 5, 197, NULL, 0, 1, -1, 0, 275, 0),
	(2043, 130, 5, 276, 5, 197, NULL, 0, 1, -1, 0, 275, 0),
	(2044, 130, 5, 276, 5, 197, NULL, 0, 1, -1, 0, 275, 0),
	(2045, 130, 5, 276, 5, 197, NULL, 0, 1, -1, 0, 275, 0),
	(2046, 130, 5, 276, 5, 197, NULL, 0, 1, -1, 0, 275, 0),
	(2047, 130, 5, 276, 5, 197, NULL, 0, 1, -1, 0, 275, 0),
	(2048, 130, 5, 276, 5, 197, NULL, 0, 1, -1, 0, 275, 0),
	(2049, 130, 5, 276, 5, 197, NULL, 0, 1, -1, 0, 275, 0),
	(2050, 130, 5, 276, 5, 197, NULL, 0, 1, -1, 0, 275, 0),
	(2051, 130, 5, 276, 5, 197, NULL, 0, 1, -1, 0, 275, 0),
	(2052, 130, 5, 276, 5, 197, NULL, 0, 1, -1, 0, 275, 0),
	(2053, 130, 5, 276, 5, 197, NULL, 0, 1, -1, 0, 275, 0),
	(2054, 130, 5, 276, 5, 197, NULL, 0, 1, -1, 0, 275, 0),
	(2055, 130, 5, 276, 5, 197, NULL, 0, 1, -1, 0, 275, 0),
	(2056, 130, 5, 276, 5, 197, NULL, 0, 1, -1, 0, 275, 0),
	(2057, 130, 5, 276, 5, 197, NULL, 0, 1, -1, 0, 275, 0),
	(2058, 130, 5, 276, 5, 197, NULL, 0, 1, -1, 0, 275, 0),
	(2059, 130, 5, 276, 5, 197, NULL, 0, 1, -1, 0, 275, 0),
	(2060, 130, 5, 276, 5, 197, NULL, 0, 1, -1, 0, 275, 0),
	(2061, 130, 5, 276, 5, 197, NULL, 0, 1, -1, 0, 275, 0),
	(2062, 130, 5, 276, 5, 197, NULL, 0, 1, -1, 0, 275, 0),
	(2063, 130, 5, 276, 5, 197, NULL, 0, 1, -1, 0, 275, 0),
	(2064, 130, 5, 276, 5, 197, NULL, 0, 1, -1, 0, 275, 0),
	(2065, 130, 5, 276, 5, 197, NULL, 0, 1, -1, 0, 275, 0),
	(2066, 130, 5, 276, 5, 197, NULL, 0, 1, -1, 0, 275, 0),
	(2067, 130, 5, 276, 5, 197, NULL, 0, 1, -1, 0, 275, 0),
	(2068, 130, 5, 276, 5, 197, NULL, 0, 1, -1, 0, 275, 0),
	(2069, 130, 5, 276, 5, 197, NULL, 0, 1, -1, 0, 275, 0),
	(2070, 130, 5, 276, 5, 197, NULL, 0, 1, -1, 0, 275, 0),
	(2071, 130, 5, 276, 5, 197, NULL, 0, 1, -1, 0, 275, 0),
	(2072, 130, 5, 276, 5, 197, NULL, 0, 1, -1, 0, 275, 0),
	(2073, 130, 5, 276, 5, 197, NULL, 0, 1, -1, 0, 275, 0),
	(2074, 130, 5, 276, 5, 197, NULL, 0, 1, -1, 0, 275, 0),
	(2075, 130, 5, 276, 5, 197, NULL, 0, 1, -1, 0, 275, 0),
	(2076, 130, 5, 276, 5, 197, NULL, 0, 1, -1, 0, 275, 0),
	(2077, 130, 5, 276, 5, 197, NULL, 0, 1, -1, 0, 275, 0),
	(2078, 130, 5, 276, 6, 224, NULL, 0, 1, -1, 0, 275, 0),
	(2079, 130, 5, 276, 6, 224, NULL, 0, 1, -1, 0, 275, 0),
	(2080, 130, 5, 276, 6, 224, NULL, 0, 1, -1, 0, 275, 0),
	(2081, 130, 5, 276, 6, 224, NULL, 0, 1, -1, 0, 275, 0),
	(2082, 130, 5, 276, 6, 224, NULL, 0, 1, -1, 0, 275, 0),
	(2083, 130, 5, 276, 6, 224, NULL, 0, 1, -1, 0, 275, 0),
	(2084, 130, 5, 276, 6, 224, NULL, 0, 1, -1, 0, 275, 0),
	(2085, 130, 5, 276, 6, 224, NULL, 0, 1, -1, 0, 275, 0),
	(2086, 130, 5, 276, 6, 224, NULL, 0, 1, -1, 0, 275, 0),
	(2087, 130, 5, 276, 6, 224, NULL, 0, 1, -1, 0, 275, 0),
	(2088, 130, 5, 276, 6, 224, NULL, 0, 1, -1, 0, 275, 0),
	(2089, 130, 5, 276, 6, 224, NULL, 0, 1, -1, 0, 275, 0),
	(2090, 130, 5, 276, 6, 224, NULL, 0, 1, -1, 0, 275, 0),
	(2091, 130, 5, 276, 6, 224, NULL, 0, 1, -1, 0, 275, 0),
	(2092, 130, 5, 276, 6, 224, NULL, 0, 1, -1, 0, 275, 0),
	(2093, 130, 5, 276, 6, 224, NULL, 0, 1, -1, 0, 275, 0),
	(2094, 130, 5, 276, 6, 224, NULL, 0, 1, -1, 0, 275, 0),
	(2095, 130, 5, 276, 6, 224, NULL, 0, 1, -1, 0, 275, 0),
	(2096, 130, 5, 276, 6, 224, NULL, 0, 1, -1, 0, 275, 0),
	(2097, 130, 5, 276, 6, 224, NULL, 0, 1, -1, 0, 275, 0),
	(2098, 130, 5, 276, 6, 224, NULL, 0, 1, -1, 0, 275, 0),
	(2099, 130, 5, 276, 6, 224, NULL, 0, 1, -1, 0, 275, 0),
	(2100, 130, 5, 276, 6, 224, NULL, 0, 1, -1, 0, 275, 0),
	(2101, 130, 5, 276, 6, 224, NULL, 0, 1, -1, 0, 275, 0),
	(2102, 130, 5, 276, 6, 224, NULL, 0, 1, -1, 0, 275, 0),
	(2103, 130, 5, 276, 6, 224, NULL, 0, 1, -1, 0, 275, 0),
	(2104, 130, 5, 276, 6, 224, NULL, 0, 1, -1, 0, 275, 0),
	(2105, 130, 5, 276, 6, 224, NULL, 0, 1, -1, 0, 275, 0),
	(2106, 130, 5, 276, 6, 224, NULL, 0, 1, -1, 0, 275, 0),
	(2107, 130, 5, 276, 6, 224, NULL, 0, 1, -1, 0, 275, 0),
	(2108, 130, 5, 276, 6, 224, NULL, 0, 1, -1, 0, 275, 0),
	(2109, 130, 5, 276, 6, 224, NULL, 0, 1, -1, 0, 275, 0),
	(2110, 130, 5, 276, 6, 224, NULL, 0, 1, -1, 0, 275, 0),
	(2111, 130, 5, 276, 6, 224, NULL, 0, 1, -1, 0, 275, 0),
	(2112, 130, 5, 276, 6, 224, NULL, 0, 1, -1, 0, 275, 0),
	(2113, 130, 5, 276, 7, 208, 1006, 0, 1, -2, 0, 275, 1),
	(2114, 130, 5, 276, 7, 208, NULL, 0, 1, -2, 0, 275, 1),
	(2115, 130, 5, 276, 7, 208, NULL, 0, 1, -2, 0, 275, 1),
	(2116, 130, 5, 276, 7, 208, NULL, 0, 1, -2, 0, 275, 1),
	(2117, 130, 5, 276, 7, 208, NULL, 0, 1, -2, 0, 275, 1),
	(2118, 130, 5, 276, 7, 208, NULL, 0, 1, -2, 0, 275, 1),
	(2119, 130, 5, 276, 7, 208, NULL, 0, 1, -2, 0, 275, 1),
	(2120, 130, 5, 276, 7, 208, NULL, 0, 1, -2, 0, 275, 1),
	(2121, 130, 5, 276, 7, 208, NULL, 0, 1, -2, 0, 275, 1),
	(2122, 130, 5, 276, 7, 208, NULL, 0, 1, -2, 0, 275, 1),
	(2123, 130, 5, 276, 7, 208, NULL, 0, 1, -2, 0, 275, 1),
	(2124, 130, 5, 276, 7, 208, NULL, 0, 1, -2, 0, 275, 0),
	(2125, 130, 5, 276, 7, 208, NULL, 0, 1, -2, 0, 275, 0),
	(2126, 130, 5, 276, 7, 208, NULL, 0, 1, -2, 0, 275, 0),
	(2127, 130, 5, 276, 7, 208, NULL, 0, 1, -2, 0, 275, 0),
	(2128, 130, 5, 276, 7, 208, NULL, 0, 1, -2, 0, 275, 0),
	(2129, 130, 5, 276, 7, 208, NULL, 0, 1, -2, 0, 275, 0),
	(2130, 130, 5, 276, 7, 208, NULL, 0, 1, -2, 0, 275, 0),
	(2131, 130, 5, 276, 7, 208, NULL, 0, 1, -2, 0, 275, 0),
	(2132, 130, 5, 276, 7, 208, NULL, 0, 1, -2, 0, 275, 0),
	(2133, 130, 5, 276, 7, 208, NULL, 0, 1, -2, 0, 275, 0),
	(2134, 130, 5, 276, 7, 208, NULL, 0, 1, -2, 0, 275, 0),
	(2135, 130, 5, 276, 7, 208, NULL, 0, 1, -2, 0, 275, 0),
	(2136, 130, 5, 276, 7, 208, NULL, 0, 1, -2, 0, 275, 0),
	(2137, 130, 5, 276, 7, 208, NULL, 0, 1, -2, 0, 275, 0),
	(2138, 130, 5, 276, 7, 208, NULL, 0, 1, -2, 0, 275, 0),
	(2139, 130, 5, 276, 7, 208, NULL, 0, 1, -2, 0, 275, 0),
	(2140, 130, 5, 276, 7, 208, NULL, 0, 1, -2, 0, 275, 0),
	(2141, 130, 5, 276, 7, 208, NULL, 0, 1, -2, 0, 275, 0),
	(2142, 130, 5, 276, 7, 208, NULL, 0, 1, -2, 0, 275, 0),
	(2143, 130, 5, 276, 7, 208, NULL, 0, 1, -2, 0, 275, 0),
	(2144, 130, 5, 276, 7, 208, NULL, 0, 1, -2, 0, 275, 0),
	(2145, 130, 5, 276, 7, 208, NULL, 0, 1, -2, 0, 275, 0),
	(2146, 130, 5, 276, 7, 208, NULL, 0, 1, -2, 0, 275, 0),
	(2147, 130, 5, 276, 7, 208, NULL, 0, 1, -2, 0, 275, 0),
	(2148, 130, 5, 276, 7, 208, NULL, 0, 1, -2, 0, 275, 0),
	(2149, 130, 5, 276, 7, 208, NULL, 0, 1, -2, 0, 275, 0),
	(2150, 130, 5, 276, 7, 208, NULL, 0, 1, -2, 0, 275, 0),
	(2151, 130, 5, 276, 7, 208, NULL, 0, 1, -2, 0, 275, 0),
	(2152, 130, 5, 276, 7, 208, NULL, 0, 1, -2, 0, 275, 0),
	(2153, 130, 5, 276, 7, 208, NULL, 0, 1, -2, 0, 275, 0),
	(2154, 130, 5, 276, 7, 208, NULL, 0, 1, -2, 0, 275, 0),
	(2155, 130, 5, 276, 7, 208, NULL, 0, 1, -2, 0, 275, 0),
	(2156, 130, 5, 276, 7, 208, NULL, 0, 1, -2, 0, 275, 0),
	(2157, 130, 5, 276, 7, 208, NULL, 0, 1, -2, 0, 275, 0),
	(2158, 130, 5, 276, 7, 208, NULL, 0, 1, -2, 0, 275, 0),
	(2159, 130, 5, 276, 7, 208, NULL, 0, 1, -2, 0, 275, 0),
	(2160, 130, 5, 276, 7, 208, NULL, 0, 1, -2, 0, 275, 0),
	(2161, 130, 5, 276, 7, 208, NULL, 0, 1, -2, 0, 275, 0),
	(2162, 130, 5, 276, 7, 208, NULL, 0, 1, -2, 0, 275, 0),
	(2163, 130, 5, 276, 7, 208, NULL, 0, 1, -2, 0, 275, 0),
	(2164, 130, 5, 276, 7, 208, NULL, 0, 1, -2, 0, 275, 0),
	(2165, 130, 5, 276, 7, 208, NULL, 0, 1, -2, 0, 275, 0),
	(2166, 130, 5, 276, 7, 208, NULL, 0, 1, -2, 0, 275, 0),
	(2167, 130, 5, 276, 7, 208, NULL, 0, 1, -2, 0, 275, 0),
	(2168, 130, 5, 276, 7, 208, NULL, 0, 1, -2, 0, 275, 0),
	(2169, 130, 5, 276, 7, 208, NULL, 0, 1, -2, 0, 275, 0),
	(2170, 130, 5, 276, 7, 208, NULL, 0, 1, -2, 0, 275, 0),
	(2171, 130, 5, 276, 7, 208, NULL, 0, 1, -2, 0, 275, 0),
	(2172, 130, 5, 276, 7, 208, NULL, 0, 1, -2, 0, 275, 0),
	(2173, 130, 5, 276, 7, 208, NULL, 0, 1, -2, 0, 275, 0),
	(2174, 130, 5, 276, 7, 208, NULL, 0, 1, -2, 0, 275, 0),
	(2175, 130, 5, 276, 7, 208, NULL, 0, 1, -2, 0, 275, 0),
	(2176, 130, 5, 276, 7, 208, NULL, 0, 1, -2, 0, 275, 0),
	(2177, 130, 5, 276, 7, 208, NULL, 0, 1, -2, 0, 275, 0),
	(2178, 130, 5, 276, 7, 208, NULL, 0, 1, -2, 0, 275, 0),
	(2179, 130, 5, 276, 7, 208, NULL, 0, 1, -2, 0, 275, 0),
	(2180, 130, 5, 276, 7, 208, NULL, 0, 1, -2, 0, 275, 0),
	(2181, 130, 5, 276, 7, 208, NULL, 0, 1, -2, 0, 275, 0),
	(2182, 130, 5, 276, 7, 208, NULL, 0, 1, -2, 0, 275, 0),
	(2183, 130, 5, 276, 7, 208, NULL, 0, 1, -2, 0, 275, 0),
	(2184, 130, 5, 276, 7, 208, NULL, 0, 1, -2, 0, 275, 0),
	(2185, 130, 5, 276, 7, 208, NULL, 0, 1, -2, 0, 275, 0),
	(2186, 130, 5, 276, 7, 208, NULL, 0, 1, -2, 0, 275, 0),
	(2187, 130, 5, 276, 7, 208, NULL, 0, 1, -2, 0, 275, 0),
	(2188, 130, 5, 276, 7, 208, NULL, 0, 1, -2, 0, 275, 0),
	(2189, 130, 5, 276, 7, 208, NULL, 0, 1, -2, 0, 275, 0),
	(2190, 130, 5, 276, 7, 208, NULL, 0, 1, -2, 0, 275, 0),
	(2191, 130, 5, 276, 7, 208, NULL, 0, 1, -2, 0, 275, 0),
	(2192, 130, 5, 276, 7, 208, NULL, 0, 1, -2, 0, 275, 0),
	(2193, 130, 5, 276, 7, 208, NULL, 0, 1, -2, 0, 275, 0),
	(2194, 130, 5, 275, 4, 189, 933, 0, 1, -3, 0, 276, 0),
	(2195, 130, 5, 275, 4, 189, NULL, 0, 1, -3, 0, 276, 0),
	(2196, 130, 5, 276, 7, 208, NULL, 0, 1, -2, 0, 275, 0),
	(2197, 130, 5, 275, 4, 189, NULL, 0, 1, -3, 0, 276, 0),
	(2198, 130, 5, 276, 7, 208, NULL, 0, 1, -2, 0, 275, 0),
	(2199, 130, 5, 275, 4, 189, NULL, 0, 1, -3, 0, 276, 0),
	(2200, 130, 5, 276, 7, 208, NULL, 0, 1, -2, 0, 275, 0),
	(2201, 130, 5, 275, 4, 189, NULL, 0, 1, -3, 0, 276, 0),
	(2202, 130, 5, 276, 7, 208, NULL, 0, 1, -2, 0, 275, 0),
	(2203, 130, 5, 275, 4, 189, NULL, 0, 1, -3, 0, 276, 0),
	(2204, 130, 5, 276, 7, 208, NULL, 0, 1, -2, 0, 275, 0),
	(2205, 130, 5, 275, 4, 189, NULL, 0, 1, -3, 0, 276, 0),
	(2206, 130, 5, 276, 7, 208, NULL, 0, 1, -2, 0, 275, 0),
	(2207, 130, 5, 275, 4, 189, NULL, 0, 1, -3, 0, 276, 0),
	(2208, 130, 5, 276, 7, 208, NULL, 0, 1, -2, 0, 275, 0),
	(2209, 130, 5, 275, 4, 189, NULL, 0, 1, -3, 0, 276, 0),
	(2210, 130, 5, 276, 7, 208, NULL, 0, 1, -2, 0, 275, 0),
	(2211, 130, 5, 275, 4, 189, NULL, 0, 1, -3, 0, 276, 0),
	(2212, 130, 5, 276, 7, 208, NULL, 0, 1, -2, 0, 275, 0),
	(2213, 130, 5, 275, 4, 189, NULL, 0, 1, -3, 0, 276, 0),
	(2214, 130, 5, 276, 7, 208, NULL, 0, 1, -2, 0, 275, 0),
	(2215, 130, 5, 275, 4, 189, NULL, 0, 1, -3, 0, 276, 0),
	(2216, 130, 5, 276, 7, 208, NULL, 0, 1, -2, 0, 275, 0),
	(2217, 130, 5, 275, 4, 189, NULL, 0, 1, -3, 0, 276, 0),
	(2218, 130, 5, 276, 7, 208, NULL, 0, 1, -2, 0, 275, 0),
	(2219, 130, 5, 275, 4, 189, NULL, 0, 1, -3, 0, 276, 0),
	(2220, 130, 5, 276, 7, 208, NULL, 0, 1, -2, 0, 275, 0),
	(2221, 130, 5, 275, 4, 189, NULL, 0, 1, -3, 0, 276, 0),
	(2222, 130, 5, 276, 7, 208, NULL, 0, 1, -2, 0, 275, 0),
	(2223, 130, 5, 275, 4, 189, NULL, 0, 1, -3, 0, 276, 0),
	(2224, 130, 5, 276, 7, 208, NULL, 0, 1, -2, 0, 275, 0),
	(2225, 130, 5, 275, 4, 189, NULL, 0, 1, -3, 0, 276, 0),
	(2226, 130, 5, 276, 7, 208, NULL, 0, 1, -2, 0, 275, 0),
	(2227, 130, 5, 275, 4, 189, NULL, 0, 1, -3, 0, 276, 0),
	(2228, 130, 5, 275, 4, 189, NULL, 0, 1, -3, 0, 276, 0),
	(2229, 130, 5, 276, 7, 208, NULL, 0, 1, -2, 0, 275, 0),
	(2230, 130, 5, 275, 4, 189, NULL, 0, 1, -3, 0, 276, 0),
	(2231, 130, 5, 276, 7, 208, NULL, 0, 1, -2, 0, 275, 0),
	(2232, 130, 5, 275, 4, 189, NULL, 0, 1, -3, 0, 276, 0),
	(2233, 130, 5, 276, 7, 208, NULL, 0, 1, -2, 0, 275, 0),
	(2234, 130, 5, 275, 4, 189, NULL, 0, 1, -3, 0, 276, 0),
	(2235, 130, 5, 276, 7, 208, NULL, 0, 1, -2, 0, 275, 0),
	(2236, 130, 5, 275, 4, 189, NULL, 0, 1, -3, 0, 276, 0),
	(2237, 130, 5, 276, 7, 208, NULL, 0, 1, -2, 0, 275, 0),
	(2238, 130, 5, 276, 7, 208, NULL, 0, 1, -2, 0, 275, 0),
	(2239, 130, 5, 275, 4, 189, NULL, 0, 1, -3, 0, 276, 0),
	(2240, 130, 5, 276, 7, 208, NULL, 0, 1, -2, 0, 275, 0),
	(2241, 130, 5, 275, 4, 189, NULL, 0, 1, -3, 0, 276, 0),
	(2242, 130, 5, 276, 7, 208, NULL, 0, 1, -2, 0, 275, 0),
	(2243, 130, 5, 275, 4, 189, NULL, 0, 1, -3, 0, 276, 0),
	(2244, 130, 5, 276, 7, 208, NULL, 0, 1, -2, 0, 275, 0),
	(2245, 130, 5, 275, 4, 189, NULL, 0, 1, -3, 0, 276, 0),
	(2246, 130, 5, 276, 7, 208, NULL, 0, 1, -2, 0, 275, 0),
	(2247, 130, 5, 275, 4, 189, NULL, 0, 1, -3, 0, 276, 0),
	(2248, 130, 5, 276, 7, 208, NULL, 0, 1, -2, 0, 275, 0),
	(2249, 130, 5, 275, 4, 189, NULL, 0, 1, -3, 0, 276, 0),
	(2250, 130, 5, 276, 7, 208, NULL, 0, 1, -2, 0, 275, 0),
	(2251, 130, 5, 275, 4, 189, NULL, 0, 1, -3, 0, 276, 0),
	(2252, 130, 5, 276, 7, 208, NULL, 0, 1, -2, 0, 275, 0),
	(2253, 130, 5, 275, 4, 189, NULL, 0, 1, -3, 0, 276, 0),
	(2254, 130, 5, 276, 7, 208, NULL, 0, 1, -2, 0, 275, 0),
	(2255, 130, 5, 275, 4, 189, NULL, 0, 1, -3, 0, 276, 0),
	(2256, 130, 5, 276, 7, 208, NULL, 0, 1, -2, 0, 275, 0),
	(2257, 130, 5, 275, 4, 189, NULL, 0, 1, -3, 0, 276, 0),
	(2258, 130, 5, 276, 7, 208, NULL, 0, 1, -2, 0, 275, 0),
	(2259, 130, 5, 275, 4, 189, NULL, 0, 1, -3, 0, 276, 0),
	(2260, 130, 5, 276, 7, 208, NULL, 0, 1, -2, 0, 275, 0),
	(2261, 130, 5, 275, 4, 189, NULL, 0, 1, -3, 0, 276, 0),
	(2262, 130, 5, 276, 7, 208, NULL, 0, 1, -2, 0, 275, 0),
	(2263, 130, 5, 275, 4, 189, NULL, 0, 1, -3, 0, 276, 0),
	(2264, 130, 5, 276, 7, 208, NULL, 0, 1, -2, 0, 275, 0),
	(2265, 130, 5, 275, 4, 189, NULL, 0, 1, -3, 0, 276, 0),
	(2266, 130, 5, 276, 7, 208, NULL, 0, 1, -2, 0, 275, 0),
	(2267, 130, 5, 275, 4, 189, NULL, 0, 1, -3, 0, 276, 0),
	(2268, 130, 5, 276, 7, 208, NULL, 0, 1, -2, 0, 275, 0),
	(2269, 130, 5, 275, 4, 189, NULL, 0, 1, -3, 0, 276, 0),
	(2270, 130, 5, 276, 7, 208, NULL, 0, 1, -2, 0, 275, 0),
	(2271, 130, 5, 275, 4, 189, NULL, 0, 1, -3, 0, 276, 0),
	(2272, 130, 5, 276, 7, 208, NULL, 0, 1, -2, 0, 275, 0),
	(2273, 130, 5, 275, 4, 189, NULL, 0, 1, -3, 0, 276, 0),
	(2274, 130, 5, 276, 7, 208, NULL, 0, 1, -2, 0, 275, 0),
	(2275, 130, 5, 275, 4, 189, NULL, 0, 1, -3, 0, 276, 0),
	(2276, 130, 5, 276, 7, 208, NULL, 0, 1, -2, 0, 275, 0),
	(2277, 130, 5, 275, 4, 189, NULL, 0, 1, -3, 0, 276, 0),
	(2278, 130, 5, 276, 7, 208, NULL, 0, 1, -2, 0, 275, 0),
	(2279, 130, 5, 275, 4, 189, NULL, 0, 1, -3, 0, 276, 0),
	(2280, 130, 5, 276, 7, 208, NULL, 0, 1, -2, 0, 275, 0),
	(2281, 130, 5, 275, 4, 189, NULL, 0, 1, -3, 0, 276, 0),
	(2282, 130, 5, 276, 7, 208, NULL, 0, 1, -2, 0, 275, 0),
	(2283, 130, 5, 275, 4, 189, NULL, 0, 1, -3, 0, 276, 0),
	(2284, 130, 5, 276, 7, 208, NULL, 0, 1, -2, 0, 275, 0),
	(2285, 130, 5, 275, 4, 189, NULL, 0, 1, -3, 0, 276, 0),
	(2286, 130, 5, 276, 7, 208, NULL, 0, 1, -2, 0, 275, 0),
	(2287, 130, 5, 275, 4, 189, NULL, 0, 1, -3, 0, 276, 0),
	(2288, 130, 5, 276, 7, 208, NULL, 0, 1, -2, 0, 275, 0),
	(2289, 130, 5, 275, 4, 189, NULL, 0, 1, -3, 0, 276, 0),
	(2290, 130, 5, 275, 4, 189, NULL, 0, 1, -3, 0, 276, 0),
	(2291, 130, 5, 276, 7, 208, NULL, 0, 1, -2, 0, 275, 0),
	(2292, 130, 5, 275, 4, 189, NULL, 0, 1, -3, 0, 276, 0),
	(2293, 130, 5, 276, 7, 208, NULL, 0, 1, -2, 0, 275, 0),
	(2294, 130, 5, 275, 4, 189, NULL, 0, 1, -3, 0, 276, 0),
	(2295, 130, 5, 276, 7, 208, NULL, 0, 1, -2, 0, 275, 0),
	(2296, 130, 5, 275, 4, 189, NULL, 0, 1, -3, 0, 276, 0),
	(2297, 130, 5, 276, 7, 208, NULL, 0, 1, -2, 0, 275, 0),
	(2298, 130, 5, 275, 4, 189, NULL, 0, 1, -3, 0, 276, 0),
	(2299, 130, 5, 276, 7, 208, NULL, 0, 1, -2, 0, 275, 0),
	(2300, 130, 5, 275, 4, 189, NULL, 0, 1, -3, 0, 276, 0),
	(2301, 130, 5, 276, 7, 208, NULL, 0, 1, -2, 0, 275, 0),
	(2302, 130, 5, 275, 4, 189, NULL, 0, 1, -3, 0, 276, 0),
	(2303, 130, 5, 276, 7, 208, NULL, 0, 1, -2, 0, 275, 0),
	(2304, 130, 5, 275, 4, 189, NULL, 0, 1, -3, 0, 276, 0),
	(2305, 130, 5, 276, 7, 208, NULL, 0, 1, -2, 0, 275, 0),
	(2306, 130, 5, 275, 4, 189, NULL, 0, 1, -3, 0, 276, 0),
	(2307, 130, 5, 275, 4, 189, NULL, 0, 1, -3, 0, 276, 0),
	(2308, 130, 5, 276, 7, 208, NULL, 0, 1, -2, 0, 275, 0),
	(2309, 130, 5, 275, 4, 189, NULL, 0, 1, -3, 0, 276, 0),
	(2310, 130, 5, 276, 7, 208, NULL, 0, 1, -2, 0, 275, 0),
	(2311, 130, 5, 275, 4, 189, NULL, 0, 1, -3, 0, 276, 0),
	(2312, 130, 5, 276, 7, 208, NULL, 0, 1, -2, 0, 275, 0),
	(2313, 130, 5, 275, 4, 189, NULL, 0, 1, -3, 0, 276, 0),
	(2314, 130, 5, 276, 7, 208, NULL, 0, 1, -2, 0, 275, 0),
	(2315, 130, 5, 275, 4, 189, NULL, 0, 1, -3, 0, 276, 0),
	(2316, 130, 5, 276, 7, 208, NULL, 0, 1, -2, 0, 275, 0),
	(2317, 130, 5, 275, 4, 189, NULL, 0, 1, -3, 0, 276, 0),
	(2318, 130, 5, 276, 7, 208, NULL, 0, 1, -2, 0, 275, 0),
	(2319, 130, 5, 275, 4, 189, NULL, 0, 1, -3, 0, 276, 0),
	(2320, 130, 5, 276, 7, 208, NULL, 0, 1, -2, 0, 275, 0),
	(2321, 130, 5, 275, 4, 189, NULL, 0, 1, -3, 0, 276, 0),
	(2322, 130, 5, 276, 7, 208, NULL, 0, 1, -2, 0, 275, 0),
	(2323, 130, 5, 275, 4, 189, NULL, 0, 1, -3, 0, 276, 0),
	(2324, 130, 5, 276, 7, 208, NULL, 0, 1, -2, 0, 275, 0),
	(2325, 130, 5, 275, 4, 189, NULL, 0, 1, -3, 0, 276, 0),
	(2326, 130, 5, 276, 7, 208, NULL, 0, 1, -2, 0, 275, 0),
	(2327, 130, 5, 275, 4, 189, NULL, 0, 1, -3, 0, 276, 0),
	(2328, 130, 5, 276, 7, 208, NULL, 0, 1, -2, 0, 275, 0),
	(2329, 130, 5, 275, 4, 189, NULL, 0, 1, -3, 0, 276, 0),
	(2330, 130, 5, 276, 7, 208, NULL, 0, 1, -2, 0, 275, 0),
	(2331, 130, 5, 275, 4, 189, NULL, 0, 1, -3, 0, 276, 0),
	(2332, 130, 5, 276, 7, 208, NULL, 0, 1, -2, 0, 275, 0),
	(2333, 130, 5, 275, 4, 189, NULL, 0, 1, -3, 0, 276, 0),
	(2334, 130, 5, 276, 7, 208, NULL, 0, 1, -2, 0, 275, 0),
	(2335, 130, 5, 275, 4, 189, NULL, 0, 1, -3, 0, 276, 0),
	(2336, 130, 5, 275, 4, 189, NULL, 0, 1, -3, 0, 276, 0),
	(2337, 130, 5, 276, 7, 208, NULL, 0, 1, -2, 0, 275, 0),
	(2338, 130, 5, 275, 4, 189, NULL, 0, 1, -3, 0, 276, 0),
	(2339, 130, 5, 276, 7, 208, NULL, 0, 1, -2, 0, 275, 0),
	(2340, 130, 5, 275, 4, 189, NULL, 0, 1, -3, 0, 276, 0),
	(2341, 130, 5, 276, 7, 208, NULL, 0, 1, -2, 0, 275, 0),
	(2342, 130, 5, 275, 4, 189, NULL, 0, 1, -3, 0, 276, 0),
	(2343, 130, 5, 276, 7, 208, NULL, 0, 1, -2, 0, 275, 0),
	(2344, 130, 5, 275, 4, 189, NULL, 0, 1, -3, 0, 276, 0),
	(2345, 130, 5, 276, 7, 208, NULL, 0, 1, -2, 0, 275, 0),
	(2346, 130, 5, 275, 4, 189, NULL, 0, 1, -3, 0, 276, 0),
	(2347, 130, 5, 276, 7, 208, NULL, 0, 1, -2, 0, 275, 0),
	(2348, 130, 5, 275, 4, 189, NULL, 0, 1, -3, 0, 276, 0),
	(2349, 130, 5, 275, 4, 189, NULL, 0, 1, -3, 0, 276, 0),
	(2350, 130, 5, 276, 7, 208, NULL, 0, 1, -2, 0, 275, 0),
	(2351, 130, 5, 275, 4, 189, NULL, 0, 1, -3, 0, 276, 0),
	(2352, 130, 5, 276, 7, 208, NULL, 0, 1, -2, 0, 275, 0),
	(2353, 130, 5, 276, 7, 208, NULL, 0, 1, -2, 0, 275, 0),
	(2354, 130, 5, 275, 4, 189, NULL, 0, 1, -3, 0, 276, 0),
	(2355, 130, 5, 276, 7, 208, NULL, 0, 1, -2, 0, 275, 0),
	(2356, 130, 5, 275, 4, 189, NULL, 0, 1, -3, 0, 276, 0),
	(2357, 130, 5, 276, 7, 208, NULL, 0, 1, -2, 0, 275, 0),
	(2358, 130, 5, 275, 4, 189, NULL, 0, 1, -3, 0, 276, 0),
	(2359, 130, 5, 276, 7, 208, NULL, 0, 1, -2, 0, 275, 0),
	(2360, 130, 5, 275, 4, 189, NULL, 0, 1, -3, 0, 276, 0),
	(2361, 130, 5, 276, 7, 208, NULL, 0, 1, -2, 0, 275, 0),
	(2362, 130, 5, 275, 4, 189, NULL, 0, 1, -3, 0, 276, 0),
	(2363, 130, 5, 276, 7, 208, NULL, 0, 1, -2, 0, 275, 0),
	(2364, 130, 5, 275, 4, 189, NULL, 0, 1, -3, 0, 276, 0),
	(2365, 130, 5, 276, 7, 208, NULL, 0, 1, -2, 0, 275, 0),
	(2366, 130, 5, 275, 4, 189, NULL, 0, 1, -3, 0, 276, 0),
	(2367, 130, 5, 276, 7, 208, NULL, 0, 1, -2, 0, 275, 0),
	(2368, 130, 5, 275, 4, 189, NULL, 0, 1, -3, 0, 276, 0),
	(2369, 130, 5, 276, 7, 208, NULL, 0, 1, -2, 0, 275, 0),
	(2370, 130, 5, 275, 4, 189, NULL, 0, 1, -3, 0, 276, 0),
	(2371, 130, 5, 276, 7, 208, NULL, 0, 1, -2, 0, 275, 0),
	(2372, 130, 5, 275, 4, 189, NULL, 0, 1, -3, 0, 276, 0),
	(2373, 130, 5, 275, 4, 189, NULL, 0, 1, -3, 0, 276, 0),
	(2374, 130, 5, 275, 4, 189, NULL, 0, 1, -3, 0, 276, 0),
	(2375, 130, 5, 275, 4, 189, NULL, 0, 1, -3, 0, 276, 0),
	(2376, 130, 5, 276, 7, 208, NULL, 0, 1, -2, 0, 275, 0),
	(2377, 130, 5, 276, 7, 208, NULL, 0, 1, -2, 0, 275, 0),
	(2378, 130, 5, 275, 4, 189, NULL, 0, 1, -3, 0, 276, 0),
	(2379, 130, 5, 276, 7, 208, NULL, 0, 1, -2, 0, 275, 0),
	(2380, 130, 5, 276, 7, 208, NULL, 0, 1, -2, 0, 275, 0),
	(2381, 130, 5, 276, 7, 208, NULL, 0, 1, -2, 0, 275, 0),
	(2382, 130, 5, 276, 7, 208, NULL, 0, 1, -2, 0, 275, 0),
	(2383, 130, 5, 276, 7, 208, NULL, 0, 1, -2, 0, 275, 0),
	(2384, 130, 5, 276, 7, 208, NULL, 0, 1, -2, 0, 275, 0),
	(2385, 130, 5, 276, 7, 208, NULL, 0, 1, -2, 0, 275, 0),
	(2386, 130, 5, 276, 7, 208, NULL, 0, 1, -2, 0, 275, 0),
	(2387, 130, 5, 276, 7, 208, NULL, 0, 1, -2, 0, 275, 0),
	(2388, 130, 5, 276, 7, 208, NULL, 0, 1, -2, 0, 275, 0),
	(2389, 130, 5, 276, 7, 208, NULL, 0, 1, -2, 0, 275, 0),
	(2390, 130, 5, 276, 7, 208, NULL, 0, 1, -2, 0, 275, 0),
	(2391, 130, 5, 276, 7, 208, NULL, 0, 1, -2, 0, 275, 0),
	(2392, 130, 5, 276, 7, 208, NULL, 0, 1, -2, 0, 275, 0),
	(2393, 130, 5, 276, 7, 208, NULL, 0, 1, -2, 0, 275, 0),
	(2394, 130, 5, 276, 7, 208, NULL, 0, 1, -2, 0, 275, 0),
	(2395, 130, 5, 276, 7, 208, NULL, 0, 1, -2, 0, 275, 0),
	(2396, 130, 5, 276, 7, 208, NULL, 0, 1, -2, 0, 275, 0),
	(2397, 130, 5, 276, 7, 208, NULL, 0, 1, -2, 0, 275, 0),
	(2398, 130, 5, 276, 7, 208, NULL, 0, 1, -2, 0, 275, 0),
	(2399, 130, 5, 276, 7, 208, NULL, 0, 1, -2, 0, 275, 0),
	(2400, 130, 5, 276, 7, 208, NULL, 0, 1, -2, 0, 275, 0),
	(2401, 130, 5, 276, 7, 208, NULL, 0, 1, -2, 0, 275, 0),
	(2402, 130, 5, 276, 7, 208, NULL, 0, 1, -2, 0, 275, 0),
	(2403, 130, 5, 276, 7, 208, NULL, 0, 1, -2, 0, 275, 0),
	(2404, 130, 5, 276, 7, 208, NULL, 0, 1, -2, 0, 275, 0),
	(2405, 130, 5, 276, 7, 208, NULL, 0, 1, -2, 0, 275, 0),
	(2406, 130, 5, 276, 7, 208, NULL, 0, 1, -2, 0, 275, 0),
	(2407, 130, 5, 276, 7, 208, NULL, 0, 1, -2, 0, 275, 0),
	(2408, 130, 5, 276, 7, 208, NULL, 0, 1, -2, 0, 275, 0),
	(2409, 130, 5, 276, 7, 208, NULL, 0, 1, -2, 0, 275, 0),
	(2410, 130, 5, 276, 7, 208, NULL, 0, 1, -2, 0, 275, 0),
	(2411, 130, 5, 276, 7, 208, NULL, 0, 1, -2, 0, 275, 0),
	(2412, 130, 5, 276, 7, 208, NULL, 0, 1, -2, 0, 275, 0),
	(2413, 130, 5, 276, 7, 208, NULL, 0, 1, -2, 0, 275, 0),
	(2414, 130, 5, 276, 7, 208, NULL, 0, 1, -2, 0, 275, 0),
	(2415, 130, 5, 276, 7, 208, NULL, 0, 1, -2, 0, 275, 0),
	(2416, 130, 5, 276, 7, 208, NULL, 0, 1, -2, 0, 275, 0),
	(2417, 130, 5, 276, 7, 208, NULL, 0, 1, -2, 0, 275, 0),
	(2418, 130, 5, 276, 7, 208, NULL, 0, 1, -2, 0, 275, 0),
	(2419, 130, 5, 276, 7, 208, NULL, 0, 1, -2, 0, 275, 0),
	(2420, 130, 5, 276, 7, 208, NULL, 0, 1, -2, 0, 275, 0),
	(2421, 130, 5, 276, 7, 208, NULL, 0, 1, -2, 0, 275, 0),
	(2422, 130, 5, 276, 7, 208, NULL, 0, 1, -2, 0, 275, 0),
	(2423, 130, 5, 276, 7, 208, NULL, 0, 1, -2, 0, 275, 0),
	(2424, 130, 5, 276, 7, 208, NULL, 0, 1, -2, 0, 275, 0),
	(2425, 130, 5, 276, 7, 208, NULL, 0, 1, -2, 0, 275, 0),
	(2426, 130, 5, 276, 7, 208, NULL, 0, 1, -2, 0, 275, 0),
	(2427, 130, 5, 276, 7, 208, NULL, 0, 1, -2, 0, 275, 0),
	(2428, 130, 5, 276, 7, 208, NULL, 0, 1, -2, 0, 275, 0),
	(2429, 130, 5, 276, 7, 208, NULL, 0, 1, -2, 0, 275, 0),
	(2430, 130, 5, 276, 7, 208, NULL, 0, 1, -2, 0, 275, 0),
	(2431, 130, 5, 276, 7, 208, NULL, 0, 1, -2, 0, 275, 0),
	(2432, 130, 5, 276, 7, 208, NULL, 0, 1, -2, 0, 275, 0),
	(2433, 130, 5, 276, 7, 208, NULL, 0, 1, -2, 0, 275, 0),
	(2434, 130, 5, 276, 7, 208, NULL, 0, 1, -2, 0, 275, 0),
	(2435, 130, 5, 276, 7, 208, NULL, 0, 1, -2, 0, 275, 0),
	(2436, 130, 5, 276, 7, 208, NULL, 0, 1, -2, 0, 275, 0),
	(2437, 130, 5, 276, 7, 208, NULL, 0, 1, -2, 0, 275, 0),
	(2438, 130, 5, 276, 7, 208, NULL, 0, 1, -2, 0, 275, 0),
	(2439, 130, 5, 276, 7, 208, NULL, 0, 1, -2, 0, 275, 0),
	(2440, 130, 5, 276, 7, 208, NULL, 0, 1, -2, 0, 275, 0),
	(2441, 130, 5, 276, 7, 208, NULL, 0, 1, -2, 0, 275, 0),
	(2442, 130, 5, 276, 7, 208, NULL, 0, 1, -2, 0, 275, 0),
	(2443, 130, 5, 276, 7, 208, NULL, 0, 1, -2, 0, 275, 0),
	(2444, 130, 5, 276, 7, 208, NULL, 0, 1, -2, 0, 275, 0),
	(2445, 130, 5, 276, 7, 208, NULL, 0, 1, -2, 0, 275, 0),
	(2446, 130, 5, 276, 7, 208, NULL, 0, 1, -2, 0, 275, 0),
	(2447, 130, 5, 276, 7, 208, NULL, 0, 1, -2, 0, 275, 0),
	(2448, 130, 5, 276, 7, 208, NULL, 0, 1, -2, 0, 275, 0),
	(2449, 130, 5, 276, 7, 208, NULL, 0, 1, -2, 0, 275, 0),
	(2450, 130, 5, 276, 7, 208, NULL, 0, 1, -2, 0, 275, 0),
	(2451, 130, 5, 276, 7, 208, NULL, 0, 1, -2, 0, 275, 0),
	(2452, 130, 5, 276, 7, 208, NULL, 0, 1, -2, 0, 275, 0),
	(2453, 130, 5, 276, 7, 208, NULL, 0, 1, -2, 0, 275, 0),
	(2454, 130, 5, 276, 7, 208, NULL, 0, 1, -2, 0, 275, 0),
	(2455, 130, 5, 276, 7, 208, NULL, 0, 1, -2, 0, 275, 0),
	(2456, 130, 5, 276, 7, 208, NULL, 0, 1, -2, 0, 275, 0),
	(2457, 130, 5, 276, 7, 208, NULL, 0, 1, -2, 0, 275, 0),
	(2458, 130, 5, 276, 7, 208, NULL, 0, 1, -2, 0, 275, 0),
	(2459, 130, 5, 276, 7, 208, NULL, 0, 1, -2, 0, 275, 0),
	(2460, 130, 5, 276, 7, 208, NULL, 0, 1, -2, 0, 275, 0),
	(2461, 130, 5, 276, 7, 208, NULL, 0, 1, -2, 0, 275, 0),
	(2462, 130, 5, 276, 7, 208, NULL, 0, 1, -2, 0, 275, 0),
	(2463, 130, 5, 276, 7, 208, NULL, 0, 1, -2, 0, 275, 0),
	(2464, 130, 5, 276, 7, 208, NULL, 0, 1, -2, 0, 275, 0),
	(2465, 130, 5, 276, 7, 208, NULL, 0, 1, -2, 0, 275, 0),
	(2466, 130, 5, 276, 7, 208, NULL, 0, 1, -2, 0, 275, 0),
	(2467, 130, 5, 276, 7, 208, NULL, 0, 1, -2, 0, 275, 0),
	(2468, 130, 5, 276, 7, 208, NULL, 0, 1, -2, 0, 275, 0),
	(2469, 130, 5, 276, 7, 208, NULL, 0, 1, -2, 0, 275, 0),
	(2470, 130, 5, 276, 7, 208, NULL, 0, 1, -2, 0, 275, 0),
	(2471, 130, 5, 276, 7, 208, NULL, 0, 1, -2, 0, 275, 0),
	(2472, 130, 5, 276, 7, 208, NULL, 0, 1, -2, 0, 275, 0),
	(2473, 130, 5, 276, 7, 208, NULL, 0, 1, -2, 0, 275, 0),
	(2474, 130, 5, 276, 7, 208, NULL, 0, 1, -2, 0, 275, 0),
	(2475, 130, 5, 276, 7, 208, NULL, 0, 1, -2, 0, 275, 0),
	(2476, 130, 5, 276, 7, 208, NULL, 0, 1, -2, 0, 275, 0),
	(2477, 130, 5, 276, 7, 208, NULL, 0, 1, -2, 0, 275, 0),
	(2478, 130, 5, 276, 7, 208, NULL, 0, 1, -2, 0, 275, 0),
	(2479, 130, 5, 276, 7, 208, NULL, 0, 1, -2, 0, 275, 0),
	(2480, 130, 5, 276, 7, 208, NULL, 0, 1, -2, 0, 275, 0),
	(2481, 130, 5, 276, 7, 208, NULL, 0, 1, -2, 0, 275, 0),
	(2482, 130, 5, 276, 7, 208, NULL, 0, 1, -2, 0, 275, 0),
	(2483, 130, 5, 276, 7, 208, NULL, 0, 1, -2, 0, 275, 0),
	(2484, 130, 5, 276, 7, 208, NULL, 0, 1, -2, 0, 275, 0),
	(2485, 130, 5, 276, 7, 208, NULL, 0, 1, -2, 0, 275, 0),
	(2486, 130, 5, 276, 7, 208, NULL, 0, 1, -2, 0, 275, 0),
	(2487, 130, 5, 276, 7, 208, NULL, 0, 1, -2, 0, 275, 0),
	(2488, 130, 5, 276, 7, 208, NULL, 0, 1, -2, 0, 275, 0),
	(2489, 130, 5, 276, 7, 208, NULL, 0, 1, -2, 0, 275, 0),
	(2490, 130, 5, 276, 7, 208, NULL, 0, 1, -2, 0, 275, 0),
	(2491, 130, 5, 276, 7, 208, NULL, 0, 1, -2, 0, 275, 0),
	(2492, 130, 5, 276, 7, 208, NULL, 0, 1, -2, 0, 275, 0),
	(2493, 130, 5, 276, 7, 208, NULL, 0, 1, -2, 0, 275, 0),
	(2494, 130, 5, 276, 7, 208, NULL, 0, 1, -2, 0, 275, 0),
	(2495, 130, 5, 276, 7, 208, NULL, 0, 1, -2, 0, 275, 0),
	(2496, 130, 5, 276, 7, 208, NULL, 0, 1, -2, 0, 275, 0),
	(2497, 130, 5, 276, 7, 208, NULL, 0, 1, -2, 0, 275, 0),
	(2498, 130, 5, 276, 7, 208, NULL, 0, 1, -2, 0, 275, 0),
	(2499, 130, 5, 276, 7, 208, NULL, 0, 1, -2, 0, 275, 0),
	(2500, 130, 5, 276, 7, 208, NULL, 0, 1, -2, 0, 275, 0),
	(2501, 130, 5, 276, 7, 208, NULL, 0, 1, -2, 0, 275, 0),
	(2502, 130, 5, 276, 7, 208, NULL, 0, 1, -2, 0, 275, 0),
	(2503, 130, 5, 276, 7, 208, NULL, 0, 1, -2, 0, 275, 0),
	(2504, 130, 5, 276, 7, 208, NULL, 0, 1, -2, 0, 275, 0),
	(2505, 130, 5, 276, 7, 208, NULL, 0, 1, -2, 0, 275, 0),
	(2506, 130, 5, 276, 7, 208, NULL, 0, 1, -2, 0, 275, 0),
	(2507, 130, 5, 276, 7, 208, NULL, 0, 1, -2, 0, 275, 0),
	(2508, 130, 5, 276, 7, 208, NULL, 0, 1, -2, 0, 275, 0),
	(2509, 130, 5, 276, 7, 208, NULL, 0, 1, -2, 0, 275, 0),
	(2510, 130, 5, 276, 7, 208, NULL, 0, 1, -2, 0, 275, 0),
	(2511, 130, 5, 276, 7, 208, NULL, 0, 1, -2, 0, 275, 0),
	(2512, 130, 5, 276, 7, 208, NULL, 0, 1, -2, 0, 275, 0),
	(2513, 130, 5, 276, 7, 208, NULL, 0, 1, -2, 0, 275, 0),
	(2514, 130, 5, 276, 7, 208, NULL, 0, 1, -2, 0, 275, 0),
	(2515, 130, 5, 276, 7, 208, NULL, 0, 1, -2, 0, 275, 0),
	(2516, 130, 5, 276, 7, 208, NULL, 0, 1, -2, 0, 275, 0),
	(2517, 130, 5, 276, 7, 208, NULL, 0, 1, -2, 0, 275, 0),
	(2518, 130, 5, 276, 7, 208, NULL, 0, 1, -2, 0, 275, 0),
	(2519, 130, 5, 276, 7, 208, NULL, 0, 1, -2, 0, 275, 0),
	(2520, 130, 5, 276, 7, 208, NULL, 0, 1, -2, 0, 275, 0),
	(2521, 130, 5, 276, 7, 208, NULL, 0, 1, -2, 0, 275, 0),
	(2522, 130, 5, 276, 7, 208, NULL, 0, 1, -2, 0, 275, 0),
	(2523, 130, 5, 276, 7, 208, NULL, 0, 1, -2, 0, 275, 0),
	(2524, 130, 5, 276, 7, 208, NULL, 0, 1, -2, 0, 275, 0),
	(2525, 130, 5, 276, 7, 208, NULL, 0, 1, -2, 0, 275, 0),
	(2526, 130, 5, 276, 7, 208, NULL, 0, 1, -2, 0, 275, 0),
	(2527, 130, 5, 276, 7, 208, NULL, 0, 1, -2, 0, 275, 0),
	(2528, 130, 5, 276, 7, 208, NULL, 0, 1, -2, 0, 275, 0),
	(2529, 130, 5, 276, 7, 208, NULL, 0, 1, -2, 0, 275, 0),
	(2530, 130, 5, 276, 7, 208, NULL, 0, 1, -2, 0, 275, 0),
	(2531, 130, 5, 276, 7, 208, NULL, 0, 1, -2, 0, 275, 0),
	(2532, 130, 5, 276, 7, 208, NULL, 0, 1, -2, 0, 275, 0),
	(2533, 130, 5, 276, 7, 208, NULL, 0, 1, -2, 0, 275, 0),
	(2534, 130, 5, 276, 7, 208, NULL, 0, 1, -2, 0, 275, 0),
	(2535, 130, 5, 276, 7, 208, NULL, 0, 1, -2, 0, 275, 0),
	(2536, 130, 5, 276, 7, 208, NULL, 0, 1, -2, 0, 275, 0),
	(2537, 130, 5, 276, 7, 208, NULL, 0, 1, -2, 0, 275, 0),
	(2538, 130, 5, 276, 7, 208, NULL, 0, 1, -2, 0, 275, 0),
	(2539, 130, 5, 276, 7, 208, NULL, 0, 1, -2, 0, 275, 0),
	(2540, 130, 5, 276, 7, 208, NULL, 0, 1, -2, 0, 275, 0),
	(2541, 130, 5, 276, 7, 208, NULL, 0, 1, -2, 0, 275, 0),
	(2542, 130, 5, 276, 7, 208, NULL, 0, 1, -2, 0, 275, 0),
	(2543, 130, 5, 276, 7, 208, NULL, 0, 1, -2, 0, 275, 0),
	(2544, 130, 5, 276, 7, 208, NULL, 0, 1, -2, 0, 275, 0),
	(2545, 130, 5, 276, 7, 208, NULL, 0, 1, -2, 0, 275, 0),
	(2546, 130, 5, 276, 7, 208, NULL, 0, 1, -2, 0, 275, 0),
	(2547, 130, 5, 276, 7, 208, NULL, 0, 1, -2, 0, 275, 0),
	(2548, 130, 5, 276, 7, 208, NULL, 0, 1, -2, 0, 275, 0),
	(2549, 130, 5, 276, 7, 208, NULL, 0, 1, -2, 0, 275, 0),
	(2550, 130, 5, 276, 7, 208, NULL, 0, 1, -2, 0, 275, 0),
	(2551, 130, 5, 276, 7, 208, NULL, 0, 1, -2, 0, 275, 0),
	(2552, 130, 5, 276, 7, 208, NULL, 0, 1, -2, 0, 275, 0),
	(2553, 130, 5, 276, 7, 208, NULL, 0, 1, -2, 0, 275, 0),
	(2554, 130, 5, 276, 7, 208, NULL, 0, 1, -2, 0, 275, 0),
	(2555, 130, 5, 276, 7, 208, NULL, 0, 1, -2, 0, 275, 0),
	(2556, 130, 5, 276, 7, 208, NULL, 0, 1, -2, 0, 275, 0),
	(2557, 130, 5, 276, 7, 208, NULL, 0, 1, -2, 0, 275, 0),
	(2558, 130, 5, 276, 7, 208, NULL, 0, 1, -2, 0, 275, 0),
	(2559, 130, 5, 276, 7, 208, NULL, 0, 1, -2, 0, 275, 0),
	(2560, 130, 5, 276, 7, 208, NULL, 0, 1, -2, 0, 275, 0),
	(2561, 130, 5, 276, 7, 208, NULL, 0, 1, -2, 0, 275, 0),
	(2562, 130, 5, 276, 7, 208, NULL, 0, 1, -2, 0, 275, 0),
	(2563, 130, 5, 276, 7, 208, NULL, 0, 1, -2, 0, 275, 0),
	(2564, 130, 5, 276, 7, 208, NULL, 0, 1, -2, 0, 275, 0),
	(2565, 130, 5, 276, 7, 208, NULL, 0, 1, -2, 0, 275, 0),
	(2566, 130, 5, 276, 7, 208, NULL, 0, 1, -2, 0, 275, 0),
	(2567, 130, 5, 276, 7, 208, NULL, 0, 1, -2, 0, 275, 0),
	(2568, 130, 5, 276, 7, 208, NULL, 0, 1, -2, 0, 275, 0),
	(2569, 130, 5, 276, 7, 208, NULL, 0, 1, -2, 0, 275, 0),
	(2570, 130, 5, 276, 7, 208, NULL, 0, 1, -2, 0, 275, 0),
	(2571, 130, 5, 276, 7, 208, NULL, 0, 1, -2, 0, 275, 0),
	(2572, 130, 5, 276, 7, 208, NULL, 0, 1, -2, 0, 275, 0),
	(2573, 130, 5, 276, 7, 208, NULL, 0, 1, -2, 0, 275, 0),
	(2574, 130, 5, 276, 7, 208, NULL, 0, 1, -2, 0, 275, 0),
	(2575, 130, 5, 276, 7, 208, NULL, 0, 1, -2, 0, 275, 0),
	(2576, 130, 5, 276, 7, 208, NULL, 0, 1, -2, 0, 275, 0),
	(2577, 130, 5, 276, 7, 208, NULL, 0, 1, -2, 0, 275, 0),
	(2578, 130, 5, 276, 7, 208, NULL, 0, 1, -2, 0, 275, 0),
	(2579, 130, 5, 276, 7, 208, NULL, 0, 1, -2, 0, 275, 0),
	(2580, 130, 5, 276, 7, 208, NULL, 0, 1, -2, 0, 275, 0),
	(2581, 130, 5, 276, 7, 208, NULL, 0, 1, -2, 0, 275, 0),
	(2582, 130, 5, 276, 7, 208, NULL, 0, 1, -2, 0, 275, 0),
	(2583, 130, 5, 276, 7, 208, NULL, 0, 1, -2, 0, 275, 0),
	(2584, 130, 5, 276, 7, 208, NULL, 0, 1, -2, 0, 275, 0),
	(2585, 130, 5, 276, 7, 208, NULL, 0, 1, -2, 0, 275, 0),
	(2586, 130, 5, 276, 7, 208, NULL, 0, 1, -2, 0, 275, 0),
	(2587, 130, 5, 276, 7, 208, NULL, 0, 1, -2, 0, 275, 0),
	(2588, 130, 5, 276, 7, 208, NULL, 0, 1, -2, 0, 275, 0),
	(2589, 130, 5, 276, 7, 208, NULL, 0, 1, -2, 0, 275, 0),
	(2590, 130, 5, 276, 7, 208, NULL, 0, 1, -2, 0, 275, 0),
	(2591, 130, 5, 276, 7, 208, NULL, 0, 1, -2, 0, 275, 0),
	(2592, 130, 5, 276, 7, 208, NULL, 0, 1, -2, 0, 275, 0),
	(2593, 130, 5, 276, 7, 208, NULL, 0, 1, -2, 0, 275, 0),
	(2594, 130, 5, 276, 7, 208, NULL, 0, 1, -2, 0, 275, 0),
	(2595, 130, 5, 276, 7, 208, NULL, 0, 1, -2, 0, 275, 0),
	(2596, 130, 5, 276, 7, 208, NULL, 0, 1, -2, 0, 275, 0),
	(2597, 130, 5, 276, 7, 208, NULL, 0, 1, -2, 0, 275, 0),
	(2598, 130, 5, 276, 7, 208, NULL, 0, 1, -2, 0, 275, 0),
	(2599, 130, 5, 276, 7, 208, NULL, 0, 1, -2, 0, 275, 0),
	(2600, 130, 5, 276, 7, 208, NULL, 0, 1, -2, 0, 275, 0),
	(2601, 130, 5, 276, 7, 208, NULL, 0, 1, -2, 0, 275, 0),
	(2602, 130, 5, 276, 7, 208, NULL, 0, 1, -2, 0, 275, 0),
	(2603, 130, 5, 276, 7, 208, NULL, 0, 1, -2, 0, 275, 0),
	(2604, 130, 5, 276, 7, 208, NULL, 0, 1, -2, 0, 275, 0),
	(2605, 130, 5, 276, 7, 208, NULL, 0, 1, -2, 0, 275, 0),
	(2606, 130, 5, 276, 7, 208, NULL, 0, 1, -2, 0, 275, 0),
	(2607, 130, 5, 276, 7, 208, NULL, 0, 1, -2, 0, 275, 0),
	(2608, 130, 5, 276, 7, 208, NULL, 0, 1, -2, 0, 275, 0),
	(2609, 130, 5, 276, 7, 208, NULL, 0, 1, -2, 0, 275, 0),
	(2610, 130, 5, 276, 7, 208, NULL, 0, 1, -2, 0, 275, 0),
	(2611, 130, 5, 276, 7, 208, NULL, 0, 1, -2, 0, 275, 0),
	(2612, 130, 5, 276, 7, 208, NULL, 0, 1, -2, 0, 275, 0),
	(2613, 130, 5, 276, 7, 208, NULL, 0, 1, -2, 0, 275, 0),
	(2614, 130, 5, 276, 7, 208, NULL, 0, 1, -2, 0, 275, 0),
	(2615, 130, 5, 276, 7, 208, NULL, 0, 1, -2, 0, 275, 0),
	(2616, 130, 5, 276, 7, 208, NULL, 0, 1, -2, 0, 275, 0),
	(2617, 130, 5, 276, 7, 208, NULL, 0, 1, -2, 0, 275, 0),
	(2618, 130, 5, 276, 7, 208, NULL, 0, 1, -2, 0, 275, 0),
	(2619, 130, 5, 276, 7, 208, NULL, 0, 1, -2, 0, 275, 0),
	(2620, 130, 5, 276, 7, 208, NULL, 0, 1, -2, 0, 275, 0),
	(2621, 130, 5, 276, 7, 208, NULL, 0, 1, -2, 0, 275, 0),
	(2622, 130, 5, 276, 7, 208, NULL, 0, 1, -2, 0, 275, 0),
	(2623, 130, 5, 276, 7, 208, NULL, 0, 1, -2, 0, 275, 0),
	(2624, 130, 5, 276, 7, 208, NULL, 0, 1, -2, 0, 275, 0),
	(2625, 130, 5, 276, 7, 208, NULL, 0, 1, -2, 0, 275, 0),
	(2626, 130, 5, 276, 7, 208, NULL, 0, 1, -2, 0, 275, 0),
	(2627, 130, 5, 276, 7, 208, NULL, 0, 1, -2, 0, 275, 0),
	(2628, 130, 5, 276, 7, 208, NULL, 0, 1, -2, 0, 275, 0),
	(2629, 130, 5, 276, 7, 208, NULL, 0, 1, -2, 0, 275, 0),
	(2630, 130, 5, 276, 7, 208, NULL, 0, 1, -2, 0, 275, 0),
	(2631, 130, 5, 276, 7, 208, NULL, 0, 1, -2, 0, 275, 0),
	(2632, 130, 5, 276, 7, 208, NULL, 0, 1, -2, 0, 275, 0),
	(2633, 130, 5, 276, 7, 208, NULL, 0, 1, -2, 0, 275, 0),
	(2634, 130, 5, 276, 7, 208, NULL, 0, 1, -2, 0, 275, 0),
	(2635, 130, 5, 276, 7, 208, NULL, 0, 1, -2, 0, 275, 0),
	(2636, 130, 5, 276, 7, 208, NULL, 0, 1, -2, 0, 275, 0),
	(2637, 130, 5, 276, 7, 208, NULL, 0, 1, -2, 0, 275, 0),
	(2638, 130, 5, 276, 7, 208, NULL, 0, 1, -2, 0, 275, 0),
	(2639, 130, 5, 276, 7, 208, NULL, 0, 1, -2, 0, 275, 0),
	(2640, 130, 5, 276, 7, 208, NULL, 0, 1, -2, 0, 275, 0),
	(2641, 130, 5, 276, 7, 208, NULL, 0, 1, -2, 0, 275, 0),
	(2642, 130, 5, 276, 7, 208, NULL, 0, 1, -2, 0, 275, 0),
	(2643, 130, 5, 276, 7, 208, NULL, 0, 1, -2, 0, 275, 0),
	(2644, 130, 5, 276, 7, 208, NULL, 0, 1, -2, 0, 275, 0),
	(2645, 130, 5, 276, 7, 208, NULL, 0, 1, -2, 0, 275, 0),
	(2646, 130, 5, 276, 7, 208, NULL, 0, 1, -2, 0, 275, 0),
	(2647, 130, 5, 276, 7, 208, NULL, 0, 1, -2, 0, 275, 0),
	(2648, 130, 5, 276, 7, 208, NULL, 0, 1, -2, 0, 275, 0),
	(2649, 130, 5, 276, 7, 208, NULL, 0, 1, -2, 0, 275, 0),
	(2650, 130, 5, 276, 7, 208, NULL, 0, 1, -2, 0, 275, 0),
	(2651, 130, 5, 276, 7, 208, NULL, 0, 1, -2, 0, 275, 0),
	(2652, 130, 5, 276, 7, 208, NULL, 0, 1, -2, 0, 275, 0),
	(2653, 130, 5, 276, 7, 208, NULL, 0, 1, -2, 0, 275, 0),
	(2654, 130, 5, 276, 7, 208, NULL, 0, 1, -2, 0, 275, 0),
	(2655, 130, 5, 276, 7, 208, NULL, 0, 1, -2, 0, 275, 0),
	(2656, 130, 5, 276, 7, 208, NULL, 0, 1, -2, 0, 275, 0),
	(2657, 130, 5, 276, 7, 208, NULL, 0, 1, -2, 0, 275, 0),
	(2658, 130, 5, 276, 7, 208, NULL, 0, 1, -2, 0, 275, 0),
	(2659, 130, 5, 276, 7, 208, NULL, 0, 1, -2, 0, 275, 0),
	(2660, 130, 5, 276, 7, 208, NULL, 0, 1, -2, 0, 275, 0),
	(2661, 130, 5, 276, 7, 208, NULL, 0, 1, -2, 0, 275, 0),
	(2662, 130, 5, 276, 7, 208, NULL, 0, 1, -2, 0, 275, 0),
	(2663, 130, 5, 276, 7, 208, NULL, 0, 1, -2, 0, 275, 0),
	(2664, 130, 5, 276, 7, 208, NULL, 0, 1, -2, 0, 275, 0),
	(2665, 130, 5, 276, 7, 208, NULL, 0, 1, -2, 0, 275, 0),
	(2666, 130, 5, 276, 7, 208, NULL, 0, 1, -2, 0, 275, 0),
	(2667, 130, 5, 276, 7, 208, NULL, 0, 1, -2, 0, 275, 0),
	(2668, 130, 5, 276, 7, 208, NULL, 0, 1, -2, 0, 275, 0),
	(2669, 130, 5, 276, 7, 208, NULL, 0, 1, -2, 0, 275, 0),
	(2670, 130, 5, 276, 7, 208, NULL, 0, 1, -2, 0, 275, 0),
	(2671, 130, 5, 276, 7, 208, NULL, 0, 1, -2, 0, 275, 0),
	(2672, 130, 5, 276, 7, 208, NULL, 0, 1, -2, 0, 275, 0),
	(2673, 130, 5, 276, 7, 208, NULL, 0, 1, -2, 0, 275, 0),
	(2674, 130, 5, 276, 7, 208, NULL, 0, 1, -2, 0, 275, 0),
	(2675, 130, 5, 276, 7, 208, NULL, 0, 1, -2, 0, 275, 0),
	(2676, 130, 5, 276, 7, 208, NULL, 0, 1, -2, 0, 275, 0),
	(2677, 130, 5, 276, 7, 208, NULL, 0, 1, -2, 0, 275, 0),
	(2678, 130, 5, 276, 7, 208, NULL, 0, 1, -2, 0, 275, 0),
	(2679, 130, 5, 276, 7, 208, NULL, 0, 1, -2, 0, 275, 0),
	(2680, 130, 5, 276, 7, 208, NULL, 0, 1, -2, 0, 275, 0),
	(2681, 130, 5, 276, 7, 208, NULL, 0, 1, -2, 0, 275, 0),
	(2682, 130, 5, 276, 7, 208, NULL, 0, 1, -2, 0, 275, 0),
	(2683, 130, 5, 276, 7, 208, NULL, 0, 1, -2, 0, 275, 0),
	(2684, 130, 5, 276, 7, 208, NULL, 0, 1, -2, 0, 275, 0),
	(2685, 130, 5, 276, 7, 208, NULL, 0, 1, -2, 0, 275, 0),
	(2686, 130, 5, 276, 7, 208, NULL, 0, 1, -2, 0, 275, 0),
	(2687, 130, 5, 276, 7, 208, NULL, 0, 1, -2, 0, 275, 0),
	(2688, 130, 5, 276, 7, 208, NULL, 0, 1, -2, 0, 275, 0),
	(2689, 130, 5, 276, 7, 208, NULL, 0, 1, -2, 0, 275, 0),
	(2690, 130, 5, 276, 7, 208, NULL, 0, 1, -2, 0, 275, 0),
	(2691, 130, 5, 276, 7, 208, NULL, 0, 1, -2, 0, 275, 0),
	(2692, 130, 5, 276, 7, 208, NULL, 0, 1, -2, 0, 275, 0),
	(2693, 130, 5, 276, 7, 208, NULL, 0, 1, -2, 0, 275, 0),
	(2694, 130, 5, 276, 7, 208, NULL, 0, 1, -2, 0, 275, 0),
	(2695, 130, 5, 276, 7, 208, NULL, 0, 1, -2, 0, 275, 0),
	(2696, 130, 5, 276, 7, 208, NULL, 0, 1, -2, 0, 275, 0),
	(2697, 130, 5, 276, 7, 208, NULL, 0, 1, -2, 0, 275, 0),
	(2698, 130, 5, 276, 7, 208, NULL, 0, 1, -2, 0, 275, 0),
	(2699, 130, 5, 276, 7, 208, NULL, 0, 1, -2, 0, 275, 0),
	(2700, 130, 5, 276, 7, 208, NULL, 0, 1, -2, 0, 275, 0),
	(2701, 130, 5, 276, 7, 208, NULL, 0, 1, -2, 0, 275, 0),
	(2702, 130, 5, 276, 7, 208, NULL, 0, 1, -2, 0, 275, 0),
	(2703, 130, 5, 276, 7, 208, NULL, 0, 1, -2, 0, 275, 0),
	(2704, 130, 5, 276, 7, 208, NULL, 0, 1, -2, 0, 275, 0),
	(2705, 130, 5, 276, 7, 208, NULL, 0, 1, -2, 0, 275, 0),
	(2706, 130, 5, 276, 7, 208, NULL, 0, 1, -2, 0, 275, 0),
	(2707, 130, 5, 276, 7, 208, NULL, 0, 1, -2, 0, 275, 0),
	(2708, 130, 5, 276, 7, 208, NULL, 0, 1, -2, 0, 275, 0),
	(2709, 130, 5, 276, 7, 208, NULL, 0, 1, -2, 0, 275, 0),
	(2710, 130, 5, 276, 7, 208, NULL, 0, 1, -2, 0, 275, 0),
	(2711, 130, 5, 276, 7, 208, NULL, 0, 1, -2, 0, 275, 0),
	(2712, 130, 5, 276, 7, 208, NULL, 0, 1, -2, 0, 275, 0),
	(2713, 130, 5, 276, 7, 208, NULL, 0, 1, -2, 0, 275, 0),
	(2714, 130, 5, 276, 7, 208, NULL, 0, 1, -2, 0, 275, 0),
	(2715, 130, 5, 276, 7, 208, NULL, 0, 1, -2, 0, 275, 0),
	(2716, 130, 5, 276, 7, 208, NULL, 0, 1, -2, 0, 275, 0),
	(2717, 130, 5, 276, 7, 208, NULL, 0, 1, -2, 0, 275, 0),
	(2718, 130, 5, 276, 7, 208, NULL, 0, 1, -2, 0, 275, 0),
	(2719, 130, 5, 276, 7, 208, NULL, 0, 1, -2, 0, 275, 0),
	(2720, 130, 5, 276, 7, 208, NULL, 0, 1, -2, 0, 275, 0),
	(2721, 130, 5, 276, 7, 208, NULL, 0, 1, -2, 0, 275, 0),
	(2722, 130, 5, 276, 7, 208, NULL, 0, 1, -2, 0, 275, 0),
	(2723, 130, 5, 276, 7, 208, NULL, 0, 1, -2, 0, 275, 0),
	(2724, 130, 5, 276, 7, 208, NULL, 0, 1, -2, 0, 275, 0),
	(2725, 130, 5, 276, 7, 208, NULL, 0, 1, -2, 0, 275, 0),
	(2726, 130, 5, 276, 7, 208, NULL, 0, 1, -2, 0, 275, 0),
	(2727, 130, 5, 276, 7, 208, NULL, 0, 1, -2, 0, 275, 0),
	(2728, 130, 5, 276, 7, 208, NULL, 0, 1, -2, 0, 275, 0),
	(2729, 130, 5, 276, 7, 208, NULL, 0, 1, -2, 0, 275, 0),
	(2730, 130, 5, 276, 7, 208, NULL, 0, 1, -2, 0, 275, 0),
	(2731, 130, 5, 276, 7, 208, NULL, 0, 1, -2, 0, 275, 0),
	(2732, 130, 5, 276, 7, 208, NULL, 0, 1, -2, 0, 275, 0),
	(2733, 130, 5, 276, 7, 208, NULL, 0, 1, -2, 0, 275, 0),
	(2734, 130, 5, 276, 7, 208, NULL, 0, 1, -2, 0, 275, 0),
	(2735, 130, 5, 276, 7, 208, NULL, 0, 1, -2, 0, 275, 0),
	(2736, 130, 5, 276, 7, 208, NULL, 0, 1, -2, 0, 275, 0),
	(2737, 130, 5, 276, 7, 208, NULL, 0, 1, -2, 0, 275, 0),
	(2738, 130, 5, 276, 7, 208, NULL, 0, 1, -2, 0, 275, 0),
	(2739, 130, 5, 276, 7, 208, NULL, 0, 1, -2, 0, 275, 0),
	(2740, 130, 5, 276, 7, 208, NULL, 0, 1, -2, 0, 275, 0),
	(2741, 130, 5, 276, 7, 208, NULL, 0, 1, -2, 0, 275, 0),
	(2742, 130, 5, 276, 7, 208, NULL, 0, 1, -2, 0, 275, 0),
	(2743, 130, 5, 276, 7, 208, NULL, 0, 1, -2, 0, 275, 0),
	(2744, 130, 5, 276, 7, 208, NULL, 0, 1, -2, 0, 275, 0),
	(2745, 130, 5, 276, 7, 208, NULL, 0, 1, -2, 0, 275, 0),
	(2746, 130, 5, 276, 7, 208, NULL, 0, 1, -2, 0, 275, 0),
	(2747, 130, 5, 276, 7, 208, NULL, 0, 1, -2, 0, 275, 0),
	(2748, 130, 5, 276, 7, 208, NULL, 0, 1, -2, 0, 275, 0),
	(2749, 130, 5, 276, 7, 208, NULL, 0, 1, -2, 0, 275, 0),
	(2750, 130, 5, 276, 7, 208, NULL, 0, 1, -2, 0, 275, 0),
	(2751, 130, 5, 276, 7, 208, NULL, 0, 1, -2, 0, 275, 0),
	(2752, 130, 5, 276, 7, 208, NULL, 0, 1, -2, 0, 275, 0),
	(2753, 130, 5, 276, 7, 208, NULL, 0, 1, -2, 0, 275, 0),
	(2754, 130, 5, 276, 7, 208, NULL, 0, 1, -2, 0, 275, 0),
	(2755, 130, 5, 276, 7, 208, NULL, 0, 1, -2, 0, 275, 0),
	(2756, 130, 5, 276, 7, 208, NULL, 0, 1, -2, 0, 275, 0),
	(2757, 130, 5, 276, 7, 208, NULL, 0, 1, -2, 0, 275, 0),
	(2758, 130, 5, 276, 7, 208, NULL, 0, 1, -2, 0, 275, 0),
	(2759, 130, 5, 276, 7, 208, NULL, 0, 1, -2, 0, 275, 0),
	(2760, 130, 5, 276, 7, 208, NULL, 0, 1, -2, 0, 275, 0),
	(2761, 130, 5, 276, 7, 208, NULL, 0, 1, -2, 0, 275, 0),
	(2762, 130, 5, 276, 7, 208, NULL, 0, 1, -2, 0, 275, 0),
	(2763, 130, 5, 276, 7, 208, NULL, 0, 1, -2, 0, 275, 0),
	(2764, 130, 5, 276, 7, 208, NULL, 0, 1, -2, 0, 275, 0),
	(2765, 130, 5, 276, 7, 208, NULL, 0, 1, -2, 0, 275, 0),
	(2766, 130, 5, 276, 7, 208, NULL, 0, 1, -2, 0, 275, 0),
	(2767, 130, 5, 276, 7, 208, NULL, 0, 1, -2, 0, 275, 0),
	(2768, 130, 5, 276, 7, 208, NULL, 0, 1, -2, 0, 275, 0),
	(2769, 130, 5, 276, 7, 208, NULL, 0, 1, -2, 0, 275, 0),
	(2770, 130, 5, 276, 7, 208, NULL, 0, 1, -2, 0, 275, 0),
	(2771, 130, 5, 276, 7, 208, NULL, 0, 1, -2, 0, 275, 0),
	(2772, 130, 5, 276, 7, 208, NULL, 0, 1, -2, 0, 275, 0),
	(2773, 130, 5, 276, 7, 208, NULL, 0, 1, -2, 0, 275, 0),
	(2774, 130, 5, 276, 7, 208, NULL, 0, 1, -2, 0, 275, 0),
	(2775, 130, 5, 276, 7, 208, NULL, 0, 1, -2, 0, 275, 0),
	(2776, 130, 5, 276, 7, 208, NULL, 0, 1, -2, 0, 275, 0),
	(2777, 130, 5, 276, 7, 208, NULL, 0, 1, -2, 0, 275, 0),
	(2778, 130, 5, 276, 7, 208, NULL, 0, 1, -2, 0, 275, 0),
	(2779, 130, 5, 276, 7, 208, NULL, 0, 1, -2, 0, 275, 0),
	(2780, 130, 5, 276, 7, 208, NULL, 0, 1, -2, 0, 275, 0),
	(2781, 130, 5, 276, 7, 208, NULL, 0, 1, -2, 0, 275, 0),
	(2782, 130, 5, 276, 7, 208, NULL, 0, 1, -2, 0, 275, 0),
	(2783, 130, 5, 276, 7, 208, NULL, 0, 1, -2, 0, 275, 0),
	(2784, 130, 5, 276, 7, 208, NULL, 0, 1, -2, 0, 275, 0),
	(2785, 130, 5, 276, 7, 208, NULL, 0, 1, -2, 0, 275, 0),
	(2786, 130, 5, 276, 7, 208, NULL, 0, 1, -2, 0, 275, 0),
	(2787, 130, 5, 276, 7, 208, NULL, 0, 1, -2, 0, 275, 0),
	(2788, 130, 5, 276, 7, 208, NULL, 0, 1, -2, 0, 275, 0),
	(2789, 130, 5, 276, 7, 208, NULL, 0, 1, -2, 0, 275, 0),
	(2790, 130, 5, 276, 7, 208, NULL, 0, 1, -2, 0, 275, 0),
	(2791, 130, 5, 276, 7, 208, NULL, 0, 1, -2, 0, 275, 0),
	(2792, 130, 5, 276, 7, 208, NULL, 0, 1, -2, 0, 275, 0),
	(2793, 130, 5, 276, 7, 208, NULL, 0, 1, -2, 0, 275, 0),
	(2794, 130, 5, 276, 7, 208, NULL, 0, 1, -2, 0, 275, 0),
	(2795, 130, 5, 276, 7, 208, NULL, 0, 1, -2, 0, 275, 0),
	(2796, 130, 5, 276, 7, 208, NULL, 0, 1, -2, 0, 275, 0),
	(2797, 130, 5, 276, 7, 208, NULL, 0, 1, -2, 0, 275, 0),
	(2798, 130, 5, 276, 7, 208, NULL, 0, 1, -2, 0, 275, 0),
	(2799, 130, 5, 276, 7, 208, NULL, 0, 1, -2, 0, 275, 0),
	(2800, 130, 5, 276, 7, 208, NULL, 0, 1, -2, 0, 275, 0),
	(2801, 130, 5, 276, 7, 208, NULL, 0, 1, -2, 0, 275, 0),
	(2802, 130, 5, 276, 7, 208, NULL, 0, 1, -2, 0, 275, 0),
	(2803, 130, 5, 276, 7, 208, NULL, 0, 1, -2, 0, 275, 0),
	(2804, 130, 5, 276, 7, 208, NULL, 0, 1, -2, 0, 275, 0),
	(2805, 130, 5, 276, 7, 208, NULL, 0, 1, -2, 0, 275, 0),
	(2806, 130, 5, 276, 7, 208, NULL, 0, 1, -2, 0, 275, 0),
	(2807, 130, 5, 276, 7, 208, NULL, 0, 1, -2, 0, 275, 0),
	(2808, 130, 5, 276, 7, 208, NULL, 0, 1, -2, 0, 275, 0),
	(2809, 130, 5, 276, 7, 208, NULL, 0, 1, -2, 0, 275, 0),
	(2810, 130, 5, 276, 7, 208, NULL, 0, 1, -2, 0, 275, 0),
	(2811, 130, 5, 276, 7, 208, NULL, 0, 1, -2, 0, 275, 0),
	(2812, 130, 5, 276, 7, 208, NULL, 0, 1, -2, 0, 275, 0),
	(2813, 130, 5, 276, 7, 208, NULL, 0, 1, -2, 0, 275, 0),
	(2814, 130, 5, 276, 7, 208, NULL, 0, 1, -2, 0, 275, 0),
	(2815, 130, 5, 276, 7, 208, NULL, 0, 1, -2, 0, 275, 0),
	(2816, 130, 5, 276, 7, 208, NULL, 0, 1, -2, 0, 275, 0),
	(2817, 130, 5, 276, 7, 208, NULL, 0, 1, -2, 0, 275, 0),
	(2818, 130, 5, 276, 7, 208, NULL, 0, 1, -2, 0, 275, 0),
	(2819, 130, 5, 276, 7, 208, NULL, 0, 1, -2, 0, 275, 0),
	(2820, 130, 5, 276, 7, 208, NULL, 0, 1, -2, 0, 275, 0),
	(2821, 130, 5, 276, 7, 208, NULL, 0, 1, -2, 0, 275, 0),
	(2822, 130, 5, 276, 7, 208, NULL, 0, 1, -2, 0, 275, 0),
	(2823, 130, 5, 276, 7, 208, NULL, 0, 1, -2, 0, 275, 0),
	(2824, 130, 5, 276, 7, 208, NULL, 0, 1, -2, 0, 275, 0),
	(2825, 130, 5, 276, 7, 208, NULL, 0, 1, -2, 0, 275, 0),
	(2826, 130, 5, 276, 7, 208, NULL, 0, 1, -2, 0, 275, 0),
	(2827, 130, 5, 276, 7, 208, NULL, 0, 1, -2, 0, 275, 0),
	(2828, 130, 5, 276, 7, 208, NULL, 0, 1, -2, 0, 275, 0),
	(2829, 130, 5, 276, 7, 208, NULL, 0, 1, -2, 0, 275, 0),
	(2830, 130, 5, 276, 7, 208, NULL, 0, 1, -2, 0, 275, 0),
	(2831, 130, 5, 276, 7, 208, NULL, 0, 1, -2, 0, 275, 0),
	(2832, 130, 5, 276, 7, 208, NULL, 0, 1, -2, 0, 275, 0),
	(2833, 130, 5, 276, 7, 208, NULL, 0, 1, -2, 0, 275, 0),
	(2834, 130, 5, 276, 7, 208, NULL, 0, 1, -2, 0, 275, 0),
	(2835, 130, 5, 276, 7, 208, NULL, 0, 1, -2, 0, 275, 0),
	(2836, 130, 5, 276, 7, 208, NULL, 0, 1, -2, 0, 275, 0),
	(2837, 130, 5, 276, 7, 208, NULL, 0, 1, -2, 0, 275, 0),
	(2838, 130, 5, 276, 7, 208, NULL, 0, 1, -2, 0, 275, 0),
	(2839, 130, 5, 276, 7, 208, NULL, 0, 1, -2, 0, 275, 0),
	(2840, 130, 5, 276, 7, 208, NULL, 0, 1, -2, 0, 275, 0),
	(2841, 130, 5, 276, 7, 208, NULL, 0, 1, -2, 0, 275, 0),
	(2842, 130, 5, 276, 7, 208, NULL, 0, 1, -2, 0, 275, 0),
	(2843, 130, 5, 276, 7, 208, NULL, 0, 1, -2, 0, 275, 0),
	(2844, 130, 5, 276, 7, 208, NULL, 0, 1, -2, 0, 275, 0),
	(2845, 130, 5, 276, 7, 208, NULL, 0, 1, -2, 0, 275, 0),
	(2846, 130, 5, 276, 7, 208, NULL, 0, 1, -2, 0, 275, 0),
	(2847, 130, 5, 276, 7, 208, NULL, 0, 1, -2, 0, 275, 0),
	(2848, 130, 5, 276, 7, 208, NULL, 0, 1, -2, 0, 275, 0),
	(2849, 130, 5, 276, 7, 208, NULL, 0, 1, -2, 0, 275, 0),
	(2850, 130, 5, 276, 7, 208, NULL, 0, 1, -2, 0, 275, 0),
	(2851, 130, 5, 276, 7, 208, NULL, 0, 1, -2, 0, 275, 0),
	(2852, 130, 5, 276, 7, 208, NULL, 0, 1, -2, 0, 275, 0),
	(2853, 130, 5, 276, 7, 208, NULL, 0, 1, -2, 0, 275, 0),
	(2854, 130, 5, 276, 7, 208, NULL, 0, 1, -2, 0, 275, 0),
	(2855, 130, 5, 276, 7, 208, NULL, 0, 1, -2, 0, 275, 0),
	(2856, 130, 5, 276, 7, 208, NULL, 0, 1, -2, 0, 275, 0),
	(2857, 130, 5, 276, 7, 208, NULL, 0, 1, -2, 0, 275, 0),
	(2858, 130, 5, 276, 7, 208, NULL, 0, 1, -2, 0, 275, 0),
	(2859, 130, 5, 276, 7, 208, NULL, 0, 1, -2, 0, 275, 0),
	(2860, 130, 5, 276, 7, 208, NULL, 0, 1, -2, 0, 275, 0),
	(2861, 130, 5, 276, 7, 208, NULL, 0, 1, -2, 0, 275, 0),
	(2862, 130, 5, 276, 7, 208, NULL, 0, 1, -2, 0, 275, 0),
	(2863, 130, 5, 276, 7, 208, NULL, 0, 1, -2, 0, 275, 0),
	(2864, 130, 5, 276, 7, 208, NULL, 0, 1, -2, 0, 275, 0),
	(2865, 130, 5, 276, 7, 208, NULL, 0, 1, -2, 0, 275, 0),
	(2866, 130, 5, 276, 7, 208, NULL, 0, 1, -2, 0, 275, 0),
	(2867, 130, 5, 276, 7, 208, NULL, 0, 1, -2, 0, 275, 0),
	(2868, 130, 5, 276, 7, 208, NULL, 0, 1, -2, 0, 275, 0),
	(2869, 130, 5, 276, 7, 208, NULL, 0, 1, -2, 0, 275, 0),
	(2870, 130, 5, 276, 7, 208, NULL, 0, 1, -2, 0, 275, 0),
	(2871, 130, 5, 276, 7, 208, NULL, 0, 1, -2, 0, 275, 0),
	(2872, 130, 5, 276, 7, 208, NULL, 0, 1, -2, 0, 275, 0),
	(2873, 130, 5, 276, 7, 208, NULL, 0, 1, -2, 0, 275, 0),
	(2874, 130, 5, 276, 7, 208, NULL, 0, 1, -2, 0, 275, 0),
	(2875, 130, 5, 276, 7, 208, NULL, 0, 1, -2, 0, 275, 0),
	(2876, 130, 5, 276, 7, 208, NULL, 0, 1, -2, 0, 275, 0),
	(2877, 130, 5, 276, 7, 208, NULL, 0, 1, -2, 0, 275, 0),
	(2878, 130, 5, 276, 7, 208, NULL, 0, 1, -2, 0, 275, 0),
	(2879, 130, 5, 276, 7, 208, NULL, 0, 1, -2, 0, 275, 0),
	(2880, 130, 5, 276, 7, 208, NULL, 0, 1, -2, 0, 275, 0),
	(2881, 130, 5, 276, 7, 208, NULL, 0, 1, -2, 0, 275, 0),
	(2882, 130, 5, 276, 7, 208, NULL, 0, 1, -2, 0, 275, 0),
	(2883, 130, 5, 276, 7, 208, NULL, 0, 1, -2, 0, 275, 0),
	(2884, 130, 5, 276, 7, 208, NULL, 0, 1, -2, 0, 275, 0),
	(2885, 130, 5, 276, 7, 208, NULL, 0, 1, -2, 0, 275, 0),
	(2886, 130, 5, 276, 7, 208, NULL, 0, 1, -2, 0, 275, 0),
	(2887, 130, 5, 276, 7, 208, NULL, 0, 1, -2, 0, 275, 0),
	(2888, 130, 5, 276, 7, 208, NULL, 0, 1, -2, 0, 275, 0),
	(2889, 130, 5, 276, 7, 208, NULL, 0, 1, -2, 0, 275, 0),
	(2890, 130, 5, 276, 7, 208, NULL, 0, 1, -2, 0, 275, 0),
	(2891, 130, 5, 276, 7, 208, NULL, 0, 1, -2, 0, 275, 0),
	(2892, 130, 5, 276, 7, 208, NULL, 0, 1, -2, 0, 275, 0),
	(2893, 130, 5, 276, 7, 208, NULL, 0, 1, -2, 0, 275, 0),
	(2894, 130, 5, 276, 7, 208, NULL, 0, 1, -2, 0, 275, 0),
	(2895, 130, 5, 276, 7, 208, NULL, 0, 1, -2, 0, 275, 0),
	(2896, 130, 5, 276, 7, 208, NULL, 0, 1, -2, 0, 275, 0),
	(2897, 130, 5, 276, 7, 208, NULL, 0, 1, -2, 0, 275, 0),
	(2898, 130, 5, 276, 7, 208, NULL, 0, 1, -2, 0, 275, 0),
	(2899, 130, 5, 276, 7, 208, NULL, 0, 1, -2, 0, 275, 0),
	(2900, 130, 5, 276, 7, 208, NULL, 0, 1, -2, 0, 275, 0),
	(2901, 130, 5, 276, 7, 208, NULL, 0, 1, -2, 0, 275, 0),
	(2902, 130, 5, 276, 7, 208, NULL, 0, 1, -2, 0, 275, 0),
	(2903, 130, 5, 276, 7, 208, NULL, 0, 1, -2, 0, 275, 0),
	(2904, 130, 5, 276, 7, 208, NULL, 0, 1, -2, 0, 275, 0),
	(2905, 130, 5, 276, 7, 208, NULL, 0, 1, -2, 0, 275, 0),
	(2906, 130, 5, 276, 7, 208, NULL, 0, 1, -2, 0, 275, 0),
	(2907, 130, 5, 276, 7, 208, NULL, 0, 1, -2, 0, 275, 0),
	(2908, 130, 5, 276, 7, 208, NULL, 0, 1, -2, 0, 275, 0),
	(2909, 130, 5, 276, 7, 208, NULL, 0, 1, -2, 0, 275, 0),
	(2910, 130, 5, 276, 7, 208, NULL, 0, 1, -2, 0, 275, 0),
	(2911, 130, 5, 276, 7, 208, NULL, 0, 1, -2, 0, 275, 0),
	(2912, 130, 5, 276, 7, 208, NULL, 0, 1, -2, 0, 275, 0),
	(2913, 130, 5, 276, 7, 208, NULL, 0, 1, -2, 0, 275, 0),
	(2914, 130, 5, 276, 7, 208, NULL, 0, 1, -2, 0, 275, 0),
	(2915, 130, 5, 276, 7, 208, NULL, 0, 1, -2, 0, 275, 0),
	(2916, 130, 5, 276, 7, 208, NULL, 0, 1, -2, 0, 275, 0),
	(2917, 130, 5, 276, 7, 208, NULL, 0, 1, -2, 0, 275, 0),
	(2918, 130, 5, 276, 7, 208, NULL, 0, 1, -2, 0, 275, 0),
	(2919, 130, 5, 276, 7, 208, NULL, 0, 1, -2, 0, 275, 0),
	(2920, 130, 5, 276, 7, 208, NULL, 0, 1, -2, 0, 275, 0),
	(2921, 130, 5, 276, 7, 208, NULL, 0, 1, -2, 0, 275, 0),
	(2922, 130, 5, 276, 7, 208, NULL, 0, 1, -2, 0, 275, 0),
	(2923, 130, 5, 276, 7, 208, NULL, 0, 1, -2, 0, 275, 0),
	(2924, 130, 5, 276, 7, 208, NULL, 0, 1, -2, 0, 275, 0),
	(2925, 130, 5, 276, 7, 208, NULL, 0, 1, -2, 0, 275, 0),
	(2926, 130, 5, 276, 7, 208, NULL, 0, 1, -2, 0, 275, 0),
	(2927, 130, 5, 276, 7, 208, NULL, 0, 1, -2, 0, 275, 0),
	(2928, 130, 5, 276, 7, 208, NULL, 0, 1, -2, 0, 275, 0),
	(2929, 130, 5, 276, 7, 208, NULL, 0, 1, -2, 0, 275, 0),
	(2930, 130, 5, 276, 7, 208, NULL, 0, 1, -2, 0, 275, 0),
	(2931, 130, 5, 276, 7, 208, NULL, 0, 1, -2, 0, 275, 0),
	(2932, 130, 5, 276, 7, 208, NULL, 0, 1, -2, 0, 275, 0),
	(2933, 130, 5, 276, 7, 208, NULL, 0, 1, -2, 0, 275, 0),
	(2934, 130, 5, 276, 7, 208, NULL, 0, 1, -2, 0, 275, 0),
	(2935, 130, 5, 276, 7, 208, NULL, 0, 1, -2, 0, 275, 0),
	(2936, 130, 5, 276, 7, 208, NULL, 0, 1, -2, 0, 275, 0),
	(2937, 130, 5, 276, 7, 208, NULL, 0, 1, -2, 0, 275, 0),
	(2938, 130, 5, 276, 7, 208, NULL, 0, 1, -2, 0, 275, 0),
	(2939, 130, 5, 276, 7, 208, NULL, 0, 1, -2, 0, 275, 0),
	(2940, 130, 5, 276, 7, 208, NULL, 0, 1, -2, 0, 275, 0),
	(2941, 130, 5, 276, 7, 208, NULL, 0, 1, -2, 0, 275, 0),
	(2942, 130, 5, 276, 7, 208, NULL, 0, 1, -2, 0, 275, 0),
	(2943, 130, 5, 276, 7, 208, NULL, 0, 1, -2, 0, 275, 0),
	(2944, 130, 5, 276, 7, 208, NULL, 0, 1, -2, 0, 275, 0),
	(2945, 130, 5, 276, 7, 208, NULL, 0, 1, -2, 0, 275, 0),
	(2946, 130, 5, 276, 7, 208, NULL, 0, 1, -2, 0, 275, 0),
	(2947, 130, 5, 276, 7, 208, NULL, 0, 1, -2, 0, 275, 0),
	(2948, 130, 5, 276, 7, 208, NULL, 0, 1, -2, 0, 275, 0),
	(2949, 130, 5, 276, 7, 208, NULL, 0, 1, -2, 0, 275, 0),
	(2950, 130, 5, 276, 7, 208, NULL, 0, 1, -2, 0, 275, 0),
	(2951, 130, 5, 276, 7, 208, NULL, 0, 1, -2, 0, 275, 0),
	(2952, 130, 5, 276, 7, 208, NULL, 0, 1, -2, 0, 275, 0),
	(2953, 130, 5, 276, 7, 208, NULL, 0, 1, -2, 0, 275, 0),
	(2954, 130, 5, 276, 7, 208, NULL, 0, 1, -2, 0, 275, 0),
	(2955, 130, 5, 276, 7, 208, NULL, 0, 1, -2, 0, 275, 0),
	(2956, 130, 5, 276, 7, 208, NULL, 0, 1, -2, 0, 275, 0),
	(2957, 130, 5, 276, 7, 208, NULL, 0, 1, -2, 0, 275, 0),
	(2958, 130, 5, 276, 7, 208, NULL, 0, 1, -2, 0, 275, 0),
	(2959, 130, 5, 276, 7, 208, NULL, 0, 1, -2, 0, 275, 0),
	(2960, 130, 5, 276, 7, 208, NULL, 0, 1, -2, 0, 275, 0),
	(2961, 130, 5, 276, 7, 208, NULL, 0, 1, -2, 0, 275, 0),
	(2962, 130, 5, 276, 7, 208, NULL, 0, 1, -2, 0, 275, 0),
	(2963, 130, 5, 276, 7, 208, NULL, 0, 1, -2, 0, 275, 0),
	(2964, 130, 5, 276, 7, 208, NULL, 0, 1, -2, 0, 275, 0),
	(2965, 130, 5, 276, 7, 208, NULL, 0, 1, -2, 0, 275, 0),
	(2966, 130, 5, 276, 7, 208, NULL, 0, 1, -2, 0, 275, 0),
	(2967, 130, 5, 276, 7, 208, NULL, 0, 1, -2, 0, 275, 0),
	(2968, 130, 5, 276, 7, 208, NULL, 0, 1, -2, 0, 275, 0),
	(2969, 130, 5, 276, 7, 208, NULL, 0, 1, -2, 0, 275, 0),
	(2970, 130, 5, 276, 7, 208, NULL, 0, 1, -2, 0, 275, 0),
	(2971, 130, 5, 276, 7, 208, NULL, 0, 1, -2, 0, 275, 0),
	(2972, 130, 5, 276, 7, 208, NULL, 0, 1, -2, 0, 275, 0),
	(2973, 130, 5, 276, 7, 208, NULL, 0, 1, -2, 0, 275, 0),
	(2974, 130, 5, 276, 7, 208, NULL, 0, 1, -2, 0, 275, 0),
	(2975, 130, 5, 276, 7, 208, NULL, 0, 1, -2, 0, 275, 0),
	(2976, 130, 5, 276, 7, 208, NULL, 0, 1, -2, 0, 275, 0),
	(2977, 130, 5, 276, 7, 208, NULL, 0, 1, -2, 0, 275, 0),
	(2978, 130, 5, 276, 7, 208, NULL, 0, 1, -2, 0, 275, 0),
	(2979, 130, 5, 276, 7, 208, NULL, 0, 1, -2, 0, 275, 0),
	(2980, 130, 5, 276, 7, 208, NULL, 0, 1, -2, 0, 275, 0),
	(2981, 130, 5, 276, 7, 208, NULL, 0, 1, -2, 0, 275, 0),
	(2982, 130, 5, 276, 7, 208, NULL, 0, 1, -2, 0, 275, 0),
	(2983, 130, 5, 276, 7, 208, NULL, 0, 1, -2, 0, 275, 0),
	(2984, 130, 5, 276, 7, 208, NULL, 0, 1, -2, 0, 275, 0),
	(2985, 130, 5, 276, 7, 208, NULL, 0, 1, -2, 0, 275, 0),
	(2986, 130, 5, 276, 7, 208, NULL, 0, 1, -2, 0, 275, 0),
	(2987, 130, 5, 276, 7, 208, NULL, 0, 1, -2, 0, 275, 0),
	(2988, 130, 5, 276, 7, 208, NULL, 0, 1, -2, 0, 275, 0),
	(2989, 130, 5, 276, 7, 208, NULL, 0, 1, -2, 0, 275, 0),
	(2990, 130, 5, 276, 7, 208, NULL, 0, 1, -2, 0, 275, 0),
	(2991, 130, 5, 276, 7, 208, NULL, 0, 1, -2, 0, 275, 0),
	(2992, 130, 5, 276, 7, 208, NULL, 0, 1, -2, 0, 275, 0),
	(2993, 130, 5, 276, 7, 208, NULL, 0, 1, -2, 0, 275, 0),
	(2994, 130, 5, 276, 7, 208, NULL, 0, 1, -2, 0, 275, 0),
	(2995, 130, 5, 276, 7, 208, NULL, 0, 1, -2, 0, 275, 0),
	(2996, 130, 5, 276, 7, 208, NULL, 0, 1, -2, 0, 275, 0),
	(2997, 130, 5, 276, 7, 208, NULL, 0, 1, -2, 0, 275, 0),
	(2998, 130, 5, 276, 7, 208, NULL, 0, 1, -2, 0, 275, 0),
	(2999, 130, 5, 276, 7, 208, NULL, 0, 1, -2, 0, 275, 0),
	(3000, 130, 5, 276, 7, 208, NULL, 0, 1, -2, 0, 275, 0),
	(3001, 130, 5, 276, 7, 208, NULL, 0, 1, -2, 0, 275, 0),
	(3002, 130, 5, 276, 7, 208, NULL, 0, 1, -2, 0, 275, 0),
	(3003, 130, 5, 276, 7, 208, NULL, 0, 1, -2, 0, 275, 0),
	(3004, 130, 5, 276, 7, 208, NULL, 0, 1, -2, 0, 275, 0),
	(3005, 130, 5, 276, 7, 208, NULL, 0, 1, -2, 0, 275, 0),
	(3006, 130, 5, 276, 7, 208, NULL, 0, 1, -2, 0, 275, 0),
	(3007, 130, 5, 276, 7, 208, NULL, 0, 1, -2, 0, 275, 0),
	(3008, 130, 5, 276, 7, 208, NULL, 0, 1, -2, 0, 275, 0),
	(3009, 130, 5, 276, 7, 208, NULL, 0, 1, -2, 0, 275, 0),
	(3010, 130, 5, 276, 7, 208, NULL, 0, 1, -2, 0, 275, 0),
	(3011, 130, 5, 276, 7, 208, NULL, 0, 1, -2, 0, 275, 0),
	(3012, 130, 5, 276, 7, 208, NULL, 0, 1, -2, 0, 275, 0),
	(3013, 130, 5, 276, 7, 208, NULL, 0, 1, -2, 0, 275, 0),
	(3014, 130, 5, 276, 7, 208, NULL, 0, 1, -2, 0, 275, 0),
	(3015, 130, 5, 276, 7, 208, NULL, 0, 1, -2, 0, 275, 0),
	(3016, 130, 5, 276, 7, 208, NULL, 0, 1, -2, 0, 275, 0),
	(3017, 130, 5, 276, 7, 208, NULL, 0, 1, -2, 0, 275, 0),
	(3018, 130, 5, 276, 7, 208, NULL, 0, 1, -2, 0, 275, 0),
	(3019, 130, 5, 276, 7, 208, NULL, 0, 1, -2, 0, 275, 0),
	(3020, 130, 5, 276, 7, 208, NULL, 0, 1, -2, 0, 275, 0),
	(3021, 130, 5, 276, 7, 208, NULL, 0, 1, -2, 0, 275, 0),
	(3022, 130, 5, 276, 7, 208, NULL, 0, 1, -2, 0, 275, 0),
	(3023, 130, 5, 276, 7, 208, NULL, 0, 1, -2, 0, 275, 0),
	(3024, 130, 5, 276, 7, 208, NULL, 0, 1, -2, 0, 275, 0),
	(3025, 130, 5, 276, 7, 208, NULL, 0, 1, -2, 0, 275, 0),
	(3026, 130, 5, 276, 7, 208, NULL, 0, 1, -2, 0, 275, 0),
	(3027, 130, 5, 276, 7, 208, NULL, 0, 1, -2, 0, 275, 0),
	(3028, 130, 5, 276, 7, 208, NULL, 0, 1, -2, 0, 275, 0),
	(3029, 130, 5, 276, 7, 208, NULL, 0, 1, -2, 0, 275, 0),
	(3030, 130, 5, 276, 7, 208, NULL, 0, 1, -2, 0, 275, 0),
	(3031, 130, 5, 276, 7, 208, NULL, 0, 1, -2, 0, 275, 0),
	(3032, 130, 5, 276, 7, 208, NULL, 0, 1, -2, 0, 275, 0),
	(3033, 130, 5, 276, 7, 208, NULL, 0, 1, -2, 0, 275, 0),
	(3034, 130, 5, 276, 7, 208, NULL, 0, 1, -2, 0, 275, 0),
	(3035, 130, 5, 276, 7, 208, NULL, 0, 1, -2, 0, 275, 0),
	(3036, 130, 5, 276, 7, 208, NULL, 0, 1, -2, 0, 275, 0),
	(3037, 130, 5, 276, 7, 208, NULL, 0, 1, -2, 0, 275, 0),
	(3038, 130, 5, 276, 7, 208, NULL, 0, 1, -2, 0, 275, 0),
	(3039, 130, 5, 276, 7, 208, NULL, 0, 1, -2, 0, 275, 0),
	(3040, 130, 5, 276, 7, 208, NULL, 0, 1, -2, 0, 275, 0),
	(3041, 130, 5, 276, 7, 208, NULL, 0, 1, -2, 0, 275, 0),
	(3042, 130, 5, 276, 7, 208, NULL, 0, 1, -2, 0, 275, 0),
	(3043, 130, 5, 276, 7, 208, NULL, 0, 1, -2, 0, 275, 0),
	(3044, 130, 5, 276, 7, 208, NULL, 0, 1, -2, 0, 275, 0),
	(3045, 130, 5, 276, 7, 208, NULL, 0, 1, -2, 0, 275, 0),
	(3046, 130, 5, 276, 7, 208, NULL, 0, 1, -2, 0, 275, 0),
	(3047, 130, 5, 276, 7, 208, NULL, 0, 1, -2, 0, 275, 0),
	(3048, 130, 5, 276, 7, 208, NULL, 0, 1, -2, 0, 275, 0),
	(3049, 130, 5, 276, 7, 208, NULL, 0, 1, -2, 0, 275, 0),
	(3050, 130, 5, 276, 7, 208, NULL, 0, 1, -2, 0, 275, 0),
	(3051, 130, 5, 276, 7, 208, NULL, 0, 1, -2, 0, 275, 0),
	(3052, 130, 5, 276, 7, 208, NULL, 0, 1, -2, 0, 275, 0),
	(3053, 130, 5, 276, 7, 208, NULL, 0, 1, -2, 0, 275, 0),
	(3054, 130, 5, 276, 7, 208, NULL, 0, 1, -2, 0, 275, 0),
	(3055, 130, 5, 276, 7, 208, NULL, 0, 1, -2, 0, 275, 0),
	(3056, 130, 5, 276, 7, 208, NULL, 0, 1, -2, 0, 275, 0),
	(3057, 130, 5, 276, 7, 208, NULL, 0, 1, -2, 0, 275, 0),
	(3058, 130, 5, 276, 7, 208, NULL, 0, 1, -2, 0, 275, 0),
	(3059, 130, 5, 276, 7, 208, NULL, 0, 1, -2, 0, 275, 0),
	(3060, 130, 5, 276, 7, 208, NULL, 0, 1, -2, 0, 275, 0),
	(3061, 130, 5, 276, 7, 208, NULL, 0, 1, -2, 0, 275, 0),
	(3062, 130, 5, 276, 7, 208, NULL, 0, 1, -2, 0, 275, 0),
	(3063, 130, 5, 276, 7, 208, NULL, 0, 1, -2, 0, 275, 0),
	(3064, 130, 5, 276, 7, 208, NULL, 0, 1, -2, 0, 275, 0),
	(3065, 130, 5, 276, 7, 208, NULL, 0, 1, -2, 0, 275, 0),
	(3066, 130, 5, 276, 7, 208, NULL, 0, 1, -2, 0, 275, 0),
	(3067, 130, 5, 276, 7, 208, NULL, 0, 1, -2, 0, 275, 0),
	(3068, 130, 5, 276, 7, 208, NULL, 0, 1, -2, 0, 275, 0),
	(3069, 130, 5, 276, 7, 208, NULL, 0, 1, -2, 0, 275, 0),
	(3070, 130, 5, 276, 7, 208, NULL, 0, 1, -2, 0, 275, 0),
	(3071, 130, 5, 276, 7, 208, NULL, 0, 1, -2, 0, 275, 0),
	(3072, 130, 5, 276, 7, 208, NULL, 0, 1, -2, 0, 275, 0),
	(3073, 130, 5, 276, 7, 208, NULL, 0, 1, -2, 0, 275, 0),
	(3074, 130, 5, 276, 7, 208, NULL, 0, 1, -2, 0, 275, 0),
	(3075, 130, 5, 276, 7, 208, NULL, 0, 1, -2, 0, 275, 0),
	(3076, 130, 5, 276, 7, 208, NULL, 0, 1, -2, 0, 275, 0),
	(3077, 130, 5, 276, 7, 208, NULL, 0, 1, -2, 0, 275, 0),
	(3078, 130, 5, 276, 7, 208, NULL, 0, 1, -2, 0, 275, 0),
	(3079, 130, 5, 276, 7, 208, NULL, 0, 1, -2, 0, 275, 0),
	(3080, 130, 5, 276, 7, 208, NULL, 0, 1, -2, 0, 275, 0),
	(3081, 130, 5, 276, 7, 208, NULL, 0, 1, -2, 0, 275, 0),
	(3082, 130, 5, 276, 7, 208, NULL, 0, 1, -2, 0, 275, 0),
	(3083, 130, 5, 276, 7, 208, NULL, 0, 1, -2, 0, 275, 0),
	(3084, 130, 5, 276, 7, 208, NULL, 0, 1, -2, 0, 275, 0),
	(3085, 130, 5, 276, 7, 208, NULL, 0, 1, -2, 0, 275, 0),
	(3086, 130, 5, 276, 7, 208, NULL, 0, 1, -2, 0, 275, 0),
	(3087, 130, 5, 276, 7, 208, NULL, 0, 1, -2, 0, 275, 0),
	(3088, 130, 5, 276, 7, 208, NULL, 0, 1, -2, 0, 275, 0),
	(3089, 130, 5, 276, 7, 208, NULL, 0, 1, -2, 0, 275, 0),
	(3090, 130, 5, 276, 7, 208, NULL, 0, 1, -2, 0, 275, 0),
	(3091, 130, 5, 276, 7, 208, NULL, 0, 1, -2, 0, 275, 0),
	(3092, 130, 5, 276, 7, 208, NULL, 0, 1, -2, 0, 275, 0),
	(3093, 130, 5, 276, 7, 208, NULL, 0, 1, -2, 0, 275, 0),
	(3094, 130, 5, 276, 7, 208, NULL, 0, 1, -2, 0, 275, 0),
	(3095, 130, 5, 276, 7, 208, NULL, 0, 1, -2, 0, 275, 0),
	(3096, 130, 5, 276, 7, 208, NULL, 0, 1, -2, 0, 275, 0),
	(3097, 130, 5, 276, 7, 208, NULL, 0, 1, -2, 0, 275, 0),
	(3098, 130, 5, 276, 7, 208, NULL, 0, 1, -2, 0, 275, 0),
	(3099, 130, 5, 276, 7, 208, NULL, 0, 1, -2, 0, 275, 0),
	(3100, 130, 5, 276, 7, 208, NULL, 0, 1, -2, 0, 275, 0),
	(3101, 130, 5, 276, 7, 208, NULL, 0, 1, -2, 0, 275, 0),
	(3102, 130, 5, 276, 7, 208, NULL, 0, 1, -2, 0, 275, 0),
	(3103, 130, 5, 276, 7, 208, NULL, 0, 1, -2, 0, 275, 0),
	(3104, 130, 5, 276, 7, 208, NULL, 0, 1, -2, 0, 275, 0),
	(3105, 130, 5, 276, 7, 208, NULL, 0, 1, -2, 0, 275, 0),
	(3106, 130, 5, 276, 7, 208, NULL, 0, 1, -2, 0, 275, 0),
	(3107, 130, 5, 276, 7, 208, NULL, 0, 1, -2, 0, 275, 0),
	(3108, 130, 5, 276, 7, 208, NULL, 0, 1, -2, 0, 275, 0),
	(3109, 130, 5, 276, 7, 208, NULL, 0, 1, -2, 0, 275, 0),
	(3110, 130, 5, 276, 7, 208, NULL, 0, 1, -2, 0, 275, 0),
	(3111, 130, 5, 276, 7, 208, NULL, 0, 1, -2, 0, 275, 0),
	(3112, 130, 5, 276, 7, 208, NULL, 0, 1, -2, 0, 275, 0),
	(3113, 130, 5, 276, 7, 208, NULL, 0, 1, -2, 0, 275, 0),
	(3114, 130, 5, 276, 7, 208, NULL, 0, 1, -2, 0, 275, 0),
	(3115, 130, 5, 276, 7, 208, NULL, 0, 1, -2, 0, 275, 0),
	(3116, 130, 5, 276, 7, 208, NULL, 0, 1, -2, 0, 275, 0),
	(3117, 130, 5, 276, 7, 208, NULL, 0, 1, -2, 0, 275, 0),
	(3118, 130, 5, 276, 7, 208, NULL, 0, 1, -2, 0, 275, 0),
	(3119, 130, 5, 276, 7, 208, NULL, 0, 1, -2, 0, 275, 0),
	(3120, 130, 5, 276, 7, 208, NULL, 0, 1, -2, 0, 275, 0),
	(3121, 130, 5, 276, 7, 208, NULL, 0, 1, -2, 0, 275, 0),
	(3122, 130, 5, 276, 7, 208, NULL, 0, 1, -2, 0, 275, 0),
	(3123, 130, 5, 276, 7, 208, NULL, 0, 1, -2, 0, 275, 0),
	(3124, 130, 5, 276, 7, 208, NULL, 0, 1, -2, 0, 275, 0),
	(3125, 130, 5, 276, 7, 208, NULL, 0, 1, -2, 0, 275, 0),
	(3126, 130, 5, 276, 7, 208, NULL, 0, 1, -2, 0, 275, 0),
	(3127, 130, 5, 276, 7, 208, NULL, 0, 1, -2, 0, 275, 0),
	(3128, 130, 5, 276, 7, 208, NULL, 0, 1, -2, 0, 275, 0),
	(3129, 130, 5, 276, 7, 208, NULL, 0, 1, -2, 0, 275, 0),
	(3130, 130, 5, 276, 7, 208, NULL, 0, 1, -2, 0, 275, 0),
	(3131, 130, 5, 276, 7, 208, NULL, 0, 1, -2, 0, 275, 0),
	(3132, 130, 5, 276, 7, 208, NULL, 0, 1, -2, 0, 275, 0),
	(3133, 130, 5, 276, 7, 208, NULL, 0, 1, -2, 0, 275, 0),
	(3134, 130, 5, 276, 7, 208, NULL, 0, 1, -2, 0, 275, 0),
	(3135, 130, 5, 276, 7, 208, NULL, 0, 1, -2, 0, 275, 0),
	(3136, 130, 5, 276, 7, 208, NULL, 0, 1, -2, 0, 275, 0),
	(3137, 130, 5, 276, 7, 208, NULL, 0, 1, -2, 0, 275, 0),
	(3138, 130, 5, 276, 7, 208, NULL, 0, 1, -2, 0, 275, 0),
	(3139, 130, 5, 276, 7, 208, NULL, 0, 1, -2, 0, 275, 0),
	(3140, 130, 5, 276, 7, 208, NULL, 0, 1, -2, 0, 275, 0),
	(3141, 130, 5, 276, 7, 208, NULL, 0, 1, -2, 0, 275, 0),
	(3142, 130, 5, 276, 7, 208, NULL, 0, 1, -2, 0, 275, 0),
	(3143, 130, 5, 276, 7, 208, NULL, 0, 1, -2, 0, 275, 0),
	(3144, 130, 5, 276, 7, 208, NULL, 0, 1, -2, 0, 275, 0),
	(3145, 130, 5, 276, 7, 208, NULL, 0, 1, -2, 0, 275, 0),
	(3146, 130, 5, 276, 7, 208, NULL, 0, 1, -2, 0, 275, 0),
	(3147, 130, 5, 276, 7, 208, NULL, 0, 1, -2, 0, 275, 0),
	(3148, 130, 5, 276, 7, 208, NULL, 0, 1, -2, 0, 275, 0),
	(3149, 130, 5, 276, 7, 208, NULL, 0, 1, -2, 0, 275, 0),
	(3150, 130, 5, 276, 7, 208, NULL, 0, 1, -2, 0, 275, 0),
	(3151, 130, 5, 276, 7, 208, NULL, 0, 1, -2, 0, 275, 0),
	(3152, 130, 5, 276, 7, 208, NULL, 0, 1, -2, 0, 275, 0),
	(3153, 130, 5, 276, 7, 208, NULL, 0, 1, -2, 0, 275, 0),
	(3154, 130, 5, 276, 7, 208, NULL, 0, 1, -2, 0, 275, 0),
	(3155, 130, 5, 276, 7, 208, NULL, 0, 1, -2, 0, 275, 0),
	(3156, 130, 5, 276, 7, 208, NULL, 0, 1, -2, 0, 275, 0),
	(3157, 130, 5, 276, 7, 208, NULL, 0, 1, -2, 0, 275, 0),
	(3158, 130, 5, 276, 7, 208, NULL, 0, 1, -2, 0, 275, 0),
	(3159, 130, 5, 276, 7, 208, NULL, 0, 1, -2, 0, 275, 0),
	(3160, 130, 5, 276, 7, 208, NULL, 0, 1, -2, 0, 275, 0),
	(3161, 130, 5, 276, 7, 208, NULL, 0, 1, -2, 0, 275, 0),
	(3162, 130, 5, 276, 7, 208, NULL, 0, 1, -2, 0, 275, 0),
	(3163, 130, 5, 276, 7, 208, NULL, 0, 1, -2, 0, 275, 0),
	(3164, 130, 5, 276, 7, 208, NULL, 0, 1, -2, 0, 275, 0),
	(3165, 130, 5, 276, 7, 208, NULL, 0, 1, -2, 0, 275, 0),
	(3166, 130, 5, 276, 7, 208, NULL, 0, 1, -2, 0, 275, 0),
	(3167, 130, 5, 276, 7, 208, NULL, 0, 1, -2, 0, 275, 0),
	(3168, 130, 5, 276, 7, 208, NULL, 0, 1, -2, 0, 275, 0),
	(3169, 130, 5, 276, 7, 208, NULL, 0, 1, -2, 0, 275, 0),
	(3170, 130, 5, 276, 7, 208, NULL, 0, 1, -2, 0, 275, 0),
	(3171, 130, 5, 276, 7, 208, NULL, 0, 1, -2, 0, 275, 0),
	(3172, 130, 5, 276, 7, 208, NULL, 0, 1, -2, 0, 275, 0),
	(3173, 130, 5, 276, 7, 208, NULL, 0, 1, -2, 0, 275, 0),
	(3174, 130, 5, 276, 7, 208, NULL, 0, 1, -2, 0, 275, 0),
	(3175, 130, 5, 276, 7, 208, NULL, 0, 1, -2, 0, 275, 0),
	(3176, 130, 5, 276, 7, 208, NULL, 0, 1, -2, 0, 275, 0),
	(3177, 130, 5, 276, 7, 208, NULL, 0, 1, -2, 0, 275, 0),
	(3178, 130, 5, 276, 7, 208, NULL, 0, 1, -2, 0, 275, 0),
	(3179, 130, 5, 276, 7, 208, NULL, 0, 1, -2, 0, 275, 0),
	(3180, 130, 5, 276, 7, 208, NULL, 0, 1, -2, 0, 275, 0),
	(3181, 130, 5, 276, 7, 208, NULL, 0, 1, -2, 0, 275, 0),
	(3182, 130, 5, 276, 7, 208, NULL, 0, 1, -2, 0, 275, 0),
	(3183, 130, 5, 276, 7, 208, NULL, 0, 1, -2, 0, 275, 0),
	(3184, 130, 5, 276, 7, 208, NULL, 0, 1, -2, 0, 275, 0),
	(3185, 130, 5, 276, 7, 208, NULL, 0, 1, -2, 0, 275, 0),
	(3186, 130, 5, 276, 7, 208, NULL, 0, 1, -2, 0, 275, 0),
	(3187, 130, 5, 276, 7, 208, NULL, 0, 1, -2, 0, 275, 0),
	(3188, 130, 5, 276, 7, 208, NULL, 0, 1, -2, 0, 275, 0),
	(3189, 130, 5, 276, 7, 208, NULL, 0, 1, -2, 0, 275, 0),
	(3190, 130, 5, 276, 7, 208, NULL, 0, 1, -2, 0, 275, 0),
	(3191, 130, 5, 276, 7, 208, NULL, 0, 1, -2, 0, 275, 0),
	(3192, 130, 5, 276, 7, 208, NULL, 0, 1, -2, 0, 275, 0),
	(3193, 130, 5, 276, 7, 208, NULL, 0, 1, -2, 0, 275, 0),
	(3194, 130, 5, 276, 7, 208, NULL, 0, 1, -2, 0, 275, 0),
	(3195, 130, 5, 276, 7, 208, NULL, 0, 1, -2, 0, 275, 0),
	(3196, 130, 5, 276, 7, 208, NULL, 0, 1, -2, 0, 275, 0),
	(3197, 130, 5, 276, 7, 208, NULL, 0, 1, -2, 0, 275, 0),
	(3198, 130, 5, 276, 7, 208, NULL, 0, 1, -2, 0, 275, 0),
	(3199, 130, 5, 276, 7, 208, NULL, 0, 1, -2, 0, 275, 0),
	(3200, 130, 5, 276, 7, 208, NULL, 0, 1, -2, 0, 275, 0),
	(3201, 130, 5, 276, 7, 208, NULL, 0, 1, -2, 0, 275, 0),
	(3202, 130, 5, 276, 7, 208, NULL, 0, 1, -2, 0, 275, 0),
	(3203, 130, 5, 276, 7, 208, NULL, 0, 1, -2, 0, 275, 0),
	(3204, 130, 5, 276, 7, 208, NULL, 0, 1, -2, 0, 275, 0),
	(3205, 130, 5, 276, 7, 208, NULL, 0, 1, -2, 0, 275, 0),
	(3206, 130, 5, 276, 7, 208, NULL, 0, 1, -2, 0, 275, 0),
	(3207, 130, 5, 276, 7, 208, NULL, 0, 1, -2, 0, 275, 0),
	(3208, 130, 5, 276, 7, 208, NULL, 0, 1, -2, 0, 275, 0),
	(3209, 130, 5, 276, 7, 208, NULL, 0, 1, -2, 0, 275, 0),
	(3210, 130, 5, 276, 7, 208, NULL, 0, 1, -2, 0, 275, 0),
	(3211, 130, 5, 276, 7, 208, NULL, 0, 1, -2, 0, 275, 0),
	(3212, 130, 5, 276, 7, 208, NULL, 0, 1, -2, 0, 275, 0),
	(3213, 130, 5, 276, 7, 208, NULL, 0, 1, -2, 0, 275, 0),
	(3214, 130, 5, 276, 7, 208, NULL, 0, 1, -2, 0, 275, 0),
	(3215, 130, 5, 276, 7, 208, NULL, 0, 1, -2, 0, 275, 0),
	(3216, 130, 5, 276, 7, 208, NULL, 0, 1, -2, 0, 275, 0),
	(3217, 130, 5, 276, 7, 208, NULL, 0, 1, -2, 0, 275, 0),
	(3218, 130, 5, 276, 7, 208, NULL, 0, 1, -2, 0, 275, 0),
	(3219, 130, 5, 276, 7, 208, NULL, 0, 1, -2, 0, 275, 0),
	(3220, 130, 5, 276, 7, 208, NULL, 0, 1, -2, 0, 275, 0),
	(3221, 130, 5, 276, 7, 208, NULL, 0, 1, -2, 0, 275, 0),
	(3222, 130, 5, 276, 7, 208, NULL, 0, 1, -2, 0, 275, 0),
	(3223, 130, 5, 276, 7, 208, NULL, 0, 1, -2, 0, 275, 0),
	(3224, 130, 5, 276, 7, 208, NULL, 0, 1, -2, 0, 275, 0),
	(3225, 130, 5, 276, 7, 208, NULL, 0, 1, -2, 0, 275, 0),
	(3226, 130, 5, 276, 7, 208, NULL, 0, 1, -2, 0, 275, 0),
	(3227, 130, 5, 276, 7, 208, NULL, 0, 1, -2, 0, 275, 0),
	(3228, 130, 5, 276, 7, 208, NULL, 0, 1, -2, 0, 275, 0),
	(3229, 130, 5, 276, 7, 208, NULL, 0, 1, -2, 0, 275, 0),
	(3230, 130, 5, 276, 7, 208, NULL, 0, 1, -2, 0, 275, 0),
	(3231, 130, 5, 276, 7, 208, NULL, 0, 1, -2, 0, 275, 0),
	(3232, 130, 5, 276, 7, 208, NULL, 0, 1, -2, 0, 275, 0),
	(3233, 130, 5, 276, 7, 208, NULL, 0, 1, -2, 0, 275, 0),
	(3234, 130, 5, 276, 7, 208, NULL, 0, 1, -2, 0, 275, 0),
	(3235, 130, 5, 276, 7, 208, NULL, 0, 1, -2, 0, 275, 0),
	(3236, 130, 5, 276, 7, 208, NULL, 0, 1, -2, 0, 275, 0),
	(3237, 130, 5, 276, 7, 208, NULL, 0, 1, -2, 0, 275, 0),
	(3238, 130, 5, 276, 7, 208, NULL, 0, 1, -2, 0, 275, 0),
	(3239, 130, 5, 276, 7, 208, NULL, 0, 1, -2, 0, 275, 0),
	(3240, 130, 5, 276, 7, 208, NULL, 0, 1, -2, 0, 275, 0),
	(3241, 130, 5, 276, 7, 208, NULL, 0, 1, -2, 0, 275, 0),
	(3242, 130, 5, 276, 7, 208, NULL, 0, 1, -2, 0, 275, 0),
	(3243, 130, 5, 276, 7, 208, NULL, 0, 1, -2, 0, 275, 0),
	(3244, 130, 5, 276, 7, 208, NULL, 0, 1, -2, 0, 275, 0),
	(3245, 130, 5, 276, 7, 208, NULL, 0, 1, -2, 0, 275, 0),
	(3246, 130, 5, 276, 7, 208, NULL, 0, 1, -2, 0, 275, 0),
	(3247, 130, 5, 276, 7, 208, NULL, 0, 1, -2, 0, 275, 0),
	(3248, 130, 5, 276, 7, 208, NULL, 0, 1, -2, 0, 275, 0),
	(3249, 130, 5, 276, 7, 208, NULL, 0, 1, -2, 0, 275, 0),
	(3250, 130, 5, 276, 7, 208, NULL, 0, 1, -2, 0, 275, 0),
	(3251, 130, 5, 276, 7, 208, NULL, 0, 1, -2, 0, 275, 0),
	(3252, 130, 5, 276, 7, 208, NULL, 0, 1, -2, 0, 275, 0),
	(3253, 130, 5, 276, 7, 208, NULL, 0, 1, -2, 0, 275, 0),
	(3254, 130, 5, 276, 7, 208, NULL, 0, 1, -2, 0, 275, 0),
	(3255, 130, 5, 276, 7, 208, NULL, 0, 1, -2, 0, 275, 0),
	(3256, 130, 5, 276, 7, 208, NULL, 0, 1, -2, 0, 275, 0),
	(3257, 130, 5, 276, 7, 208, NULL, 0, 1, -2, 0, 275, 0),
	(3258, 130, 5, 276, 7, 208, NULL, 0, 1, -2, 0, 275, 0),
	(3259, 130, 5, 276, 7, 208, NULL, 0, 1, -2, 0, 275, 0),
	(3260, 130, 5, 276, 7, 208, NULL, 0, 1, -2, 0, 275, 0),
	(3261, 130, 5, 276, 7, 208, NULL, 0, 1, -2, 0, 275, 0),
	(3262, 130, 5, 276, 7, 208, NULL, 0, 1, -2, 0, 275, 0),
	(3263, 130, 5, 276, 7, 208, NULL, 0, 1, -2, 0, 275, 0),
	(3264, 130, 5, 276, 7, 208, NULL, 0, 1, -2, 0, 275, 0),
	(3265, 130, 5, 276, 7, 208, NULL, 0, 1, -2, 0, 275, 0),
	(3266, 130, 5, 276, 7, 208, NULL, 0, 1, -2, 0, 275, 0),
	(3267, 130, 5, 276, 7, 208, NULL, 0, 1, -2, 0, 275, 0),
	(3268, 130, 5, 276, 7, 208, NULL, 0, 1, -2, 0, 275, 0),
	(3269, 130, 5, 276, 7, 208, NULL, 0, 1, -2, 0, 275, 0),
	(3270, 130, 5, 276, 7, 208, NULL, 0, 1, -2, 0, 275, 0),
	(3271, 130, 5, 276, 7, 208, NULL, 0, 1, -2, 0, 275, 0),
	(3272, 130, 5, 276, 7, 208, NULL, 0, 1, -2, 0, 275, 0),
	(3273, 130, 5, 276, 7, 208, NULL, 0, 1, -2, 0, 275, 0),
	(3274, 130, 5, 276, 7, 208, NULL, 0, 1, -2, 0, 275, 0),
	(3275, 130, 5, 276, 7, 208, NULL, 0, 1, -2, 0, 275, 0),
	(3276, 130, 5, 276, 7, 208, NULL, 0, 1, -2, 0, 275, 0),
	(3277, 130, 5, 276, 7, 208, NULL, 0, 1, -2, 0, 275, 0),
	(3278, 130, 5, 276, 7, 208, NULL, 0, 1, -2, 0, 275, 0),
	(3279, 130, 5, 276, 7, 208, NULL, 0, 1, -2, 0, 275, 0),
	(3280, 130, 5, 276, 7, 208, NULL, 0, 1, -2, 0, 275, 0),
	(3281, 130, 5, 276, 7, 208, NULL, 0, 1, -2, 0, 275, 0),
	(3282, 130, 5, 276, 7, 208, NULL, 0, 1, -2, 0, 275, 0),
	(3283, 130, 5, 276, 7, 208, NULL, 0, 1, -2, 0, 275, 0),
	(3284, 130, 5, 276, 7, 208, NULL, 0, 1, -2, 0, 275, 0),
	(3285, 130, 5, 276, 7, 208, NULL, 0, 1, -2, 0, 275, 0),
	(3286, 130, 5, 276, 7, 208, NULL, 0, 1, -2, 0, 275, 0),
	(3287, 130, 5, 276, 7, 208, NULL, 0, 1, -2, 0, 275, 0),
	(3288, 130, 5, 276, 7, 208, NULL, 0, 1, -2, 0, 275, 0),
	(3289, 130, 5, 276, 7, 208, NULL, 0, 1, -2, 0, 275, 0),
	(3290, 130, 5, 276, 7, 208, NULL, 0, 1, -2, 0, 275, 0),
	(3291, 130, 5, 276, 7, 208, NULL, 0, 1, -2, 0, 275, 0),
	(3292, 130, 5, 276, 7, 208, NULL, 0, 1, -2, 0, 275, 0),
	(3293, 130, 5, 276, 7, 208, NULL, 0, 1, -2, 0, 275, 0),
	(3294, 130, 5, 276, 7, 208, NULL, 0, 1, -2, 0, 275, 0),
	(3295, 130, 5, 276, 7, 208, NULL, 0, 1, -2, 0, 275, 0),
	(3296, 130, 5, 276, 7, 208, NULL, 0, 1, -2, 0, 275, 0),
	(3297, 130, 5, 276, 7, 208, NULL, 0, 1, -2, 0, 275, 0),
	(3298, 130, 5, 276, 7, 208, NULL, 0, 1, -2, 0, 275, 0),
	(3299, 130, 5, 276, 7, 208, NULL, 0, 1, -2, 0, 275, 0),
	(3300, 130, 5, 276, 7, 208, NULL, 0, 1, -2, 0, 275, 0),
	(3301, 130, 5, 276, 7, 208, NULL, 0, 1, -2, 0, 275, 0),
	(3302, 130, 5, 276, 7, 208, NULL, 0, 1, -2, 0, 275, 0),
	(3303, 130, 5, 276, 7, 208, NULL, 0, 1, -2, 0, 275, 0),
	(3304, 130, 5, 276, 7, 208, NULL, 0, 1, -2, 0, 275, 0),
	(3305, 130, 5, 276, 7, 208, NULL, 0, 1, -2, 0, 275, 0),
	(3306, 130, 5, 276, 7, 208, NULL, 0, 1, -2, 0, 275, 0),
	(3307, 130, 5, 276, 7, 208, NULL, 0, 1, -2, 0, 275, 0),
	(3308, 130, 5, 276, 7, 208, NULL, 0, 1, -2, 0, 275, 0),
	(3309, 130, 5, 276, 7, 208, NULL, 0, 1, -2, 0, 275, 0),
	(3310, 130, 5, 276, 7, 208, NULL, 0, 1, -2, 0, 275, 0),
	(3311, 130, 5, 276, 7, 208, NULL, 0, 1, -2, 0, 275, 0),
	(3312, 130, 5, 276, 7, 208, NULL, 0, 1, -2, 0, 275, 0),
	(3313, 130, 5, 276, 7, 208, NULL, 0, 1, -2, 0, 275, 0),
	(3314, 130, 5, 276, 7, 208, NULL, 0, 1, -2, 0, 275, 0),
	(3315, 130, 5, 276, 7, 208, NULL, 0, 1, -2, 0, 275, 0),
	(3316, 130, 5, 276, 7, 208, NULL, 0, 1, -2, 0, 275, 0),
	(3317, 130, 5, 276, 7, 208, NULL, 0, 1, -2, 0, 275, 0),
	(3318, 130, 5, 276, 7, 208, NULL, 0, 1, -2, 0, 275, 0),
	(3319, 130, 5, 276, 7, 208, NULL, 0, 1, -2, 0, 275, 0),
	(3320, 130, 5, 276, 7, 208, NULL, 0, 1, -2, 0, 275, 0),
	(3321, 130, 5, 276, 7, 208, NULL, 0, 1, -2, 0, 275, 0),
	(3322, 130, 5, 276, 7, 208, NULL, 0, 1, -2, 0, 275, 0),
	(3323, 130, 5, 276, 7, 208, NULL, 0, 1, -2, 0, 275, 0),
	(3324, 130, 5, 276, 7, 208, NULL, 0, 1, -2, 0, 275, 0),
	(3325, 130, 5, 276, 7, 208, NULL, 0, 1, -2, 0, 275, 0),
	(3326, 130, 5, 276, 7, 208, NULL, 0, 1, -2, 0, 275, 0),
	(3327, 130, 5, 276, 7, 208, NULL, 0, 1, -2, 0, 275, 0),
	(3328, 130, 5, 276, 7, 208, NULL, 0, 1, -2, 0, 275, 0),
	(3329, 130, 5, 276, 7, 208, NULL, 0, 1, -2, 0, 275, 0),
	(3330, 130, 5, 276, 7, 208, NULL, 0, 1, -2, 0, 275, 0),
	(3331, 130, 5, 276, 7, 208, NULL, 0, 1, -2, 0, 275, 0),
	(3332, 130, 5, 276, 7, 208, NULL, 0, 1, -2, 0, 275, 0),
	(3333, 130, 5, 276, 7, 208, NULL, 0, 1, -2, 0, 275, 0),
	(3334, 130, 5, 276, 7, 208, NULL, 0, 1, -2, 0, 275, 0),
	(3335, 130, 5, 276, 7, 208, NULL, 0, 1, -2, 0, 275, 0),
	(3336, 130, 5, 276, 7, 208, NULL, 0, 1, -2, 0, 275, 0),
	(3337, 130, 5, 276, 7, 208, NULL, 0, 1, -2, 0, 275, 0),
	(3338, 130, 5, 276, 7, 208, NULL, 0, 1, -2, 0, 275, 0),
	(3339, 130, 5, 276, 7, 208, NULL, 0, 1, -2, 0, 275, 0),
	(3340, 130, 5, 276, 7, 208, NULL, 0, 1, -2, 0, 275, 0),
	(3341, 130, 5, 276, 7, 208, NULL, 0, 1, -2, 0, 275, 0),
	(3342, 130, 5, 276, 7, 208, NULL, 0, 1, -2, 0, 275, 0),
	(3343, 130, 5, 276, 7, 208, NULL, 0, 1, -2, 0, 275, 0),
	(3344, 130, 5, 276, 7, 208, NULL, 0, 1, -2, 0, 275, 0),
	(3345, 130, 5, 276, 7, 208, NULL, 0, 1, -2, 0, 275, 0),
	(3346, 130, 5, 276, 7, 208, NULL, 0, 1, -2, 0, 275, 0),
	(3347, 130, 5, 276, 7, 208, NULL, 0, 1, -2, 0, 275, 0),
	(3348, 130, 5, 276, 7, 208, NULL, 0, 1, -2, 0, 275, 0),
	(3349, 130, 5, 276, 7, 208, NULL, 0, 1, -2, 0, 275, 0),
	(3350, 130, 5, 276, 7, 208, NULL, 0, 1, -2, 0, 275, 0),
	(3351, 130, 5, 276, 7, 208, NULL, 0, 1, -2, 0, 275, 0),
	(3352, 130, 5, 276, 7, 208, NULL, 0, 1, -2, 0, 275, 0),
	(3353, 130, 5, 276, 7, 208, NULL, 0, 1, -2, 0, 275, 0),
	(3354, 130, 5, 276, 7, 208, NULL, 0, 1, -2, 0, 275, 0),
	(3355, 130, 5, 276, 7, 208, NULL, 0, 1, -2, 0, 275, 0),
	(3356, 130, 5, 276, 7, 208, NULL, 0, 1, -2, 0, 275, 0),
	(3357, 130, 5, 276, 7, 208, NULL, 0, 1, -2, 0, 275, 0),
	(3358, 130, 5, 276, 7, 208, NULL, 0, 1, -2, 0, 275, 0),
	(3359, 130, 5, 276, 7, 208, NULL, 0, 1, -2, 0, 275, 0),
	(3360, 130, 5, 276, 7, 208, NULL, 0, 1, -2, 0, 275, 0),
	(3361, 130, 5, 276, 7, 208, NULL, 0, 1, -2, 0, 275, 0),
	(3362, 130, 5, 276, 7, 208, NULL, 0, 1, -2, 0, 275, 0),
	(3363, 130, 5, 276, 7, 208, NULL, 0, 1, -2, 0, 275, 0),
	(3364, 130, 5, 276, 7, 208, NULL, 0, 1, -2, 0, 275, 0),
	(3365, 130, 5, 276, 7, 208, NULL, 0, 1, -2, 0, 275, 0),
	(3366, 130, 5, 276, 7, 208, NULL, 0, 1, -2, 0, 275, 0),
	(3367, 130, 5, 276, 7, 208, NULL, 0, 1, -2, 0, 275, 0),
	(3368, 130, 5, 276, 7, 208, NULL, 0, 1, -2, 0, 275, 0),
	(3369, 130, 5, 276, 7, 208, NULL, 0, 1, -2, 0, 275, 0),
	(3370, 130, 5, 276, 7, 208, NULL, 0, 1, -2, 0, 275, 0),
	(3371, 130, 5, 276, 7, 208, NULL, 0, 1, -2, 0, 275, 0),
	(3372, 130, 5, 276, 7, 208, NULL, 0, 1, -2, 0, 275, 0),
	(3373, 130, 5, 276, 7, 208, NULL, 0, 1, -2, 0, 275, 0),
	(3374, 130, 5, 276, 7, 208, NULL, 0, 1, -2, 0, 275, 0),
	(3375, 130, 5, 276, 7, 208, NULL, 0, 1, -2, 0, 275, 0),
	(3376, 130, 5, 276, 7, 208, NULL, 0, 1, -2, 0, 275, 0),
	(3377, 130, 5, 276, 7, 208, NULL, 0, 1, -2, 0, 275, 0),
	(3378, 130, 5, 276, 7, 208, NULL, 0, 1, -2, 0, 275, 0),
	(3379, 130, 5, 276, 7, 208, NULL, 0, 1, -2, 0, 275, 0),
	(3380, 130, 5, 276, 7, 208, NULL, 0, 1, -2, 0, 275, 0),
	(3381, 130, 5, 276, 7, 208, NULL, 0, 1, -2, 0, 275, 0),
	(3382, 130, 5, 276, 7, 208, NULL, 0, 1, -2, 0, 275, 0),
	(3383, 130, 5, 276, 7, 208, NULL, 0, 1, -2, 0, 275, 0),
	(3384, 130, 5, 276, 7, 208, NULL, 0, 1, -2, 0, 275, 0),
	(3385, 130, 5, 276, 7, 208, NULL, 0, 1, -2, 0, 275, 0),
	(3386, 130, 5, 276, 7, 208, NULL, 0, 1, -2, 0, 275, 0),
	(3387, 130, 5, 276, 7, 208, NULL, 0, 1, -2, 0, 275, 0),
	(3388, 130, 5, 276, 7, 208, NULL, 0, 1, -2, 0, 275, 0),
	(3389, 130, 5, 276, 7, 208, NULL, 0, 1, -2, 0, 275, 0),
	(3390, 130, 5, 276, 7, 208, NULL, 0, 1, -2, 0, 275, 0),
	(3391, 130, 5, 276, 7, 208, NULL, 0, 1, -2, 0, 275, 0),
	(3392, 130, 5, 276, 7, 208, NULL, 0, 1, -2, 0, 275, 0),
	(3393, 130, 5, 276, 7, 208, NULL, 0, 1, -2, 0, 275, 0),
	(3394, 130, 5, 276, 7, 208, NULL, 0, 1, -2, 0, 275, 0),
	(3395, 130, 5, 276, 7, 208, NULL, 0, 1, -2, 0, 275, 0),
	(3396, 130, 5, 276, 7, 208, NULL, 0, 1, -2, 0, 275, 0),
	(3397, 130, 5, 276, 7, 208, NULL, 0, 1, -2, 0, 275, 0),
	(3398, 130, 5, 276, 7, 208, NULL, 0, 1, -2, 0, 275, 0),
	(3399, 130, 5, 276, 7, 208, NULL, 0, 1, -2, 0, 275, 0),
	(3400, 130, 5, 276, 7, 208, NULL, 0, 1, -2, 0, 275, 0),
	(3401, 130, 5, 276, 7, 208, NULL, 0, 1, -2, 0, 275, 0),
	(3402, 130, 5, 276, 7, 208, NULL, 0, 1, -2, 0, 275, 0),
	(3403, 130, 5, 276, 7, 208, NULL, 0, 1, -2, 0, 275, 0),
	(3404, 130, 5, 276, 7, 208, NULL, 0, 1, -2, 0, 275, 0),
	(3405, 130, 5, 276, 7, 208, NULL, 0, 1, -2, 0, 275, 0),
	(3406, 130, 5, 276, 7, 208, NULL, 0, 1, -2, 0, 275, 0),
	(3407, 130, 5, 276, 7, 208, NULL, 0, 1, -2, 0, 275, 0),
	(3408, 130, 5, 276, 7, 208, NULL, 0, 1, -2, 0, 275, 0),
	(3409, 130, 5, 276, 7, 208, NULL, 0, 1, -2, 0, 275, 0),
	(3410, 130, 5, 276, 7, 208, NULL, 0, 1, -2, 0, 275, 0),
	(3411, 130, 5, 276, 7, 208, NULL, 0, 1, -2, 0, 275, 0),
	(3412, 130, 5, 276, 7, 208, NULL, 0, 1, -2, 0, 275, 0),
	(3413, 130, 5, 276, 7, 208, NULL, 0, 1, -2, 0, 275, 0),
	(3414, 130, 5, 276, 7, 208, NULL, 0, 1, -2, 0, 275, 0),
	(3415, 130, 5, 276, 7, 208, NULL, 0, 1, -2, 0, 275, 0),
	(3416, 130, 5, 276, 7, 208, NULL, 0, 1, -2, 0, 275, 0),
	(3417, 130, 5, 276, 7, 208, NULL, 0, 1, -2, 0, 275, 0),
	(3418, 130, 5, 276, 7, 208, NULL, 0, 1, -2, 0, 275, 0),
	(3419, 130, 5, 276, 7, 208, NULL, 0, 1, -2, 0, 275, 0),
	(3420, 130, 5, 276, 7, 208, NULL, 0, 1, -2, 0, 275, 0),
	(3421, 130, 5, 276, 7, 208, NULL, 0, 1, -2, 0, 275, 0),
	(3422, 130, 5, 276, 7, 208, NULL, 0, 1, -2, 0, 275, 0),
	(3423, 130, 5, 276, 7, 208, NULL, 0, 1, -2, 0, 275, 0),
	(3424, 130, 5, 276, 7, 208, NULL, 0, 1, -2, 0, 275, 0),
	(3425, 130, 5, 276, 7, 208, NULL, 0, 1, -2, 0, 275, 0),
	(3426, 130, 5, 276, 7, 208, NULL, 0, 1, -2, 0, 275, 0),
	(3427, 130, 5, 276, 7, 208, NULL, 0, 1, -2, 0, 275, 0),
	(3428, 130, 5, 276, 7, 208, NULL, 0, 1, -2, 0, 275, 0),
	(3429, 130, 5, 276, 7, 208, NULL, 0, 1, -2, 0, 275, 0),
	(3430, 130, 5, 276, 7, 208, NULL, 0, 1, -2, 0, 275, 0),
	(3431, 130, 5, 276, 7, 208, NULL, 0, 1, -2, 0, 275, 0),
	(3432, 130, 5, 276, 7, 208, NULL, 0, 1, -2, 0, 275, 0),
	(3433, 130, 5, 276, 7, 208, NULL, 0, 1, -2, 0, 275, 0),
	(3434, 130, 5, 276, 7, 208, NULL, 0, 1, -2, 0, 275, 0),
	(3435, 130, 5, 276, 7, 208, NULL, 0, 1, -2, 0, 275, 0),
	(3436, 130, 5, 276, 7, 208, NULL, 0, 1, -2, 0, 275, 0),
	(3437, 130, 5, 276, 7, 208, NULL, 0, 1, -2, 0, 275, 0),
	(3438, 130, 5, 276, 7, 208, NULL, 0, 1, -2, 0, 275, 0),
	(3439, 130, 5, 276, 7, 208, NULL, 0, 1, -2, 0, 275, 0),
	(3440, 130, 5, 276, 7, 208, NULL, 0, 1, -2, 0, 275, 0),
	(3441, 130, 5, 276, 7, 208, NULL, 0, 1, -2, 0, 275, 0),
	(3442, 130, 5, 276, 7, 208, NULL, 0, 1, -2, 0, 275, 0),
	(3443, 130, 5, 276, 7, 208, NULL, 0, 1, -2, 0, 275, 0),
	(3444, 130, 5, 276, 7, 208, NULL, 0, 1, -2, 0, 275, 0),
	(3445, 130, 5, 276, 7, 208, NULL, 0, 1, -2, 0, 275, 0),
	(3446, 130, 5, 276, 7, 208, NULL, 0, 1, -2, 0, 275, 0),
	(3447, 130, 5, 276, 7, 208, NULL, 0, 1, -2, 0, 275, 0),
	(3448, 130, 5, 276, 7, 208, NULL, 0, 1, -2, 0, 275, 0),
	(3449, 130, 5, 276, 7, 208, NULL, 0, 1, -2, 0, 275, 0),
	(3450, 130, 5, 276, 7, 208, NULL, 0, 1, -2, 0, 275, 0),
	(3451, 130, 5, 276, 7, 208, NULL, 0, 1, -2, 0, 275, 0),
	(3452, 130, 5, 276, 7, 208, NULL, 0, 1, -2, 0, 275, 0),
	(3453, 130, 5, 276, 7, 208, NULL, 0, 1, -2, 0, 275, 0),
	(3454, 130, 5, 276, 7, 208, NULL, 0, 1, -2, 0, 275, 0),
	(3455, 130, 5, 276, 7, 208, NULL, 0, 1, -2, 0, 275, 0),
	(3456, 130, 5, 276, 7, 208, NULL, 0, 1, -2, 0, 275, 0),
	(3457, 130, 5, 276, 7, 208, NULL, 0, 1, -2, 0, 275, 0),
	(3458, 130, 5, 276, 7, 208, NULL, 0, 1, -2, 0, 275, 0),
	(3459, 130, 5, 276, 7, 208, NULL, 0, 1, -2, 0, 275, 0),
	(3460, 130, 5, 276, 7, 208, NULL, 0, 1, -2, 0, 275, 0),
	(3461, 130, 5, 276, 7, 208, NULL, 0, 1, -2, 0, 275, 0),
	(3462, 130, 5, 276, 7, 208, NULL, 0, 1, -2, 0, 275, 0),
	(3463, 130, 5, 276, 7, 208, NULL, 0, 1, -2, 0, 275, 0),
	(3464, 130, 5, 276, 7, 208, NULL, 0, 1, -2, 0, 275, 0),
	(3465, 130, 5, 276, 7, 208, NULL, 0, 1, -2, 0, 275, 0),
	(3466, 130, 5, 276, 7, 208, NULL, 0, 1, -2, 0, 275, 0),
	(3467, 130, 5, 276, 7, 208, NULL, 0, 1, -2, 0, 275, 0),
	(3468, 130, 5, 276, 7, 208, NULL, 0, 1, -2, 0, 275, 0),
	(3469, 130, 5, 276, 7, 208, NULL, 0, 1, -2, 0, 275, 0),
	(3470, 130, 5, 276, 7, 208, NULL, 0, 1, -2, 0, 275, 0),
	(3471, 130, 5, 276, 7, 208, NULL, 0, 1, -2, 0, 275, 0),
	(3472, 130, 5, 276, 7, 208, NULL, 0, 1, -2, 0, 275, 0),
	(3473, 130, 5, 276, 7, 208, NULL, 0, 1, -2, 0, 275, 0),
	(3474, 130, 5, 276, 7, 208, NULL, 0, 1, -2, 0, 275, 0),
	(3475, 130, 5, 276, 7, 208, NULL, 0, 1, -2, 0, 275, 0),
	(3476, 130, 5, 276, 7, 208, NULL, 0, 1, -2, 0, 275, 0),
	(3477, 130, 5, 276, 7, 208, NULL, 0, 1, -2, 0, 275, 0),
	(3478, 130, 5, 276, 7, 208, NULL, 0, 1, -2, 0, 275, 0),
	(3479, 130, 5, 276, 7, 208, NULL, 0, 1, -2, 0, 275, 0),
	(3480, 130, 5, 276, 7, 208, NULL, 0, 1, -2, 0, 275, 0),
	(3481, 131, 4, 278, 1, 182, 903, 0, 0, 1, 0, NULL, 0),
	(3482, 131, 4, 277, 1, 182, 903, 0, 0, 1, 0, NULL, 0),
	(3483, 131, 4, 277, 2, 192, 943, 0, 0, 1, 0, NULL, 0),
	(3484, 131, 4, 278, 2, 192, 945, 1, 0, 1, 0, NULL, 0),
	(3485, 131, 4, 278, 3, 184, 912, 0, 0, 2, 0, NULL, 0),
	(3486, 131, 4, 277, 3, 184, 910, 0, 0, 2, 0, NULL, 0),
	(3487, 131, 4, 277, 4, 185, 916, 0, 0, 3, 0, NULL, 0),
	(3488, 131, 4, 278, 4, 185, 916, 0, 0, 3, 0, NULL, 0),
	(3489, 131, 5, 277, 1, 195, 957, 0, 1, -1, 0, 278, 1),
	(3490, 131, 5, 277, 1, 195, NULL, 0, 1, -1, 0, 278, 1),
	(3491, 131, 5, 278, 6, 211, 1020, 1, 0, 1, 0, NULL, 0),
	(3492, 131, 5, 277, 2, 206, 1000, 0, 1, -1, 0, 278, 0),
	(3493, 131, 5, 277, 2, 206, NULL, 0, 1, -1, 0, 278, 0),
	(3494, 131, 5, 278, 5, 220, 1054, 1, 0, 1, 0, NULL, 0),
	(3495, 131, 5, 277, 3, 246, 1158, 0, 1, -2, 0, 278, 1),
	(3496, 131, 5, 277, 3, 246, NULL, 0, 1, -2, 0, 278, 1),
	(3497, 131, 5, 278, 7, 249, 1172, 1, 0, 2, 0, NULL, 0),
	(3498, 131, 5, 277, 4, 245, 1157, 0, 1, -3, 0, 278, 0),
	(3499, 131, 5, 277, 4, 245, NULL, 0, 1, -3, 0, 278, 0),
	(3500, 131, 5, 278, 8, 189, 930, 0, 1, -3, 0, 277, 1),
	(3501, 131, 5, 278, 8, 189, NULL, 0, 1, -3, 0, 277, 1);
/*!40000 ALTER TABLE `tablero_puntajes` ENABLE KEYS */;

-- Volcando estructura para tabla geollin_concurso_db.turnos
DROP TABLE IF EXISTS `turnos`;
CREATE TABLE IF NOT EXISTS `turnos` (
  `ID_TURNO` int(11) NOT NULL AUTO_INCREMENT,
  `ID_CONCURSO` int(11) NOT NULL,
  `ID_RONDA` int(11) NOT NULL,
  `ID_CONCURSANTE` int(11) NOT NULL,
  PRIMARY KEY (`ID_TURNO`),
  KEY `FK_concursoTurno` (`ID_CONCURSO`),
  KEY `FK_rondaTurno` (`ID_RONDA`),
  KEY `FK_concursanteTurno` (`ID_CONCURSANTE`),
  CONSTRAINT `FK_concursanteTurno` FOREIGN KEY (`ID_CONCURSANTE`) REFERENCES `concursantes` (`ID_CONCURSANTE`),
  CONSTRAINT `FK_concursoTurno` FOREIGN KEY (`ID_CONCURSO`) REFERENCES `concursos` (`ID_CONCURSO`),
  CONSTRAINT `FK_rondaTurno` FOREIGN KEY (`ID_RONDA`) REFERENCES `rondas` (`ID_RONDA`)
) ENGINE=InnoDB DEFAULT CHARSET=utf8;

-- Volcando datos para la tabla geollin_concurso_db.turnos: ~0 rows (aproximadamente)
/*!40000 ALTER TABLE `turnos` DISABLE KEYS */;
/*!40000 ALTER TABLE `turnos` ENABLE KEYS */;

/*!40101 SET SQL_MODE=IFNULL(@OLD_SQL_MODE, '') */;
/*!40014 SET FOREIGN_KEY_CHECKS=IF(@OLD_FOREIGN_KEY_CHECKS IS NULL, 1, @OLD_FOREIGN_KEY_CHECKS) */;
/*!40101 SET CHARACTER_SET_CLIENT=@OLD_CHARACTER_SET_CLIENT */;
